ChannelPartnerID,response,n_comp,loyalty,portal,rewards,nps,n_yrs
10048,1,2,0,0,0,5,5
10073,1,5,0,0,0,3,7
10258,0,0,0,0,0,7,9
10416,0,1,1,0,1,1,5
10444,0,1,0,0,0,3,5
10454,0,0,0,1,0,7,3
10512,0,2,0,1,0,6,7
10618,0,5,0,0,0,2,8
10653,1,1,0,0,0,1,8
10819,1,1,1,1,1,6,5
10831,1,1,1,1,0,4,3
10836,1,0,1,1,1,4,7
10869,1,1,1,0,0,3,9
10984,0,0,0,1,0,3,3
10991,1,4,1,1,0,3,5
10997,0,1,1,0,1,6,4
11019,0,4,0,0,0,5,8
11100,0,3,0,1,0,3,2
11111,0,4,0,0,0,6,3
11122,0,5,0,1,0,2,3
11172,0,0,1,1,1,8,6
11207,0,0,0,1,0,2,2
11215,1,3,0,1,0,9,7
11297,0,0,0,1,0,1,8
11354,1,0,0,1,0,10,3
11357,1,3,0,1,0,6,4
11471,0,0,0,1,0,6,4
11656,1,4,1,0,1,10,6
11703,0,1,1,1,1,6,8
11752,0,0,0,1,0,3,4
11806,0,2,1,0,1,7,6
12016,0,1,1,1,1,2,7
12027,0,1,1,1,1,3,5
12152,0,4,1,0,1,7,9
12223,1,3,1,1,1,1,2
12382,0,4,1,1,1,8,5
12384,0,1,1,1,1,1,3
12398,0,1,1,0,1,5,2
12411,0,5,1,1,1,6,3
12509,1,5,0,1,0,0,6
12585,0,3,1,1,1,1,8
12594,1,4,0,0,0,3,3
12722,0,2,1,1,0,2,3
12768,1,3,0,0,0,8,3
12776,0,4,1,1,1,4,6
12883,1,1,1,0,0,4,4
12981,1,3,0,1,0,10,4
13087,0,3,0,0,0,4,4
13090,1,3,0,0,0,9,2
13142,0,2,0,0,0,5,5
13218,1,1,1,1,0,7,4
13262,0,5,1,1,1,0,4
13267,0,4,0,0,0,5,8
13401,1,2,1,0,1,7,5
13436,0,3,1,1,1,2,3
13461,0,5,1,0,1,5,4
13469,1,2,0,1,0,0,8
13507,0,3,0,0,0,1,4
13575,1,2,1,0,0,8,7
13670,0,3,0,0,0,4,4
13673,1,4,0,1,0,6,9
13763,1,1,0,0,0,6,6
13793,0,2,1,0,0,8,3
13826,0,5,1,0,1,2,5
13834,1,2,0,0,0,8,5
13918,0,2,0,1,0,2,5
14036,0,4,0,1,0,0,3
14142,0,2,0,0,0,3,3
14147,0,5,1,0,1,1,6
14156,1,1,0,1,0,3,2
14259,0,4,1,1,0,4,4
14452,0,2,1,0,1,4,6
14463,1,1,1,1,1,9,6
14512,0,2,1,0,1,2,4
14526,0,3,0,1,0,3,3
14562,1,0,1,0,0,7,5
14799,0,4,0,0,0,3,5
14810,0,1,0,0,0,8,7
14856,0,2,1,1,1,6,5
14891,1,2,0,0,0,8,4
14919,1,2,0,1,0,1,3
14970,0,3,0,0,0,2,6
14998,0,1,0,0,0,3,2
15009,0,1,1,1,1,6,7
15020,1,4,1,0,1,7,4
15033,0,4,1,0,1,3,3
15136,0,5,1,0,0,6,8
15273,1,2,1,1,1,5,7
15366,0,2,1,1,1,7,6
15518,0,4,0,1,0,2,3
15583,1,0,1,0,0,9,6
15679,1,3,1,0,1,9,9
15704,0,1,0,1,0,1,6
15715,0,0,1,1,0,5,3
15723,1,5,0,1,0,3,7
15739,1,1,0,0,0,5,4
15750,1,2,1,1,1,1,6
15766,0,3,0,0,0,6,6
15861,0,0,1,1,1,4,8
15936,1,0,1,1,1,7,8
16083,0,5,0,0,0,0,8
16094,0,3,0,1,0,6,8
16221,0,1,1,1,1,5,7
16444,1,5,0,0,0,5,8
16453,0,1,0,1,0,7,8
16458,0,0,1,1,1,0,3
16462,0,3,1,0,1,1,8
16467,0,1,0,0,0,4,9
16567,0,2,1,1,1,2,2
16628,0,0,0,0,0,3,5
16657,1,4,1,1,1,9,6
16660,0,4,1,0,1,0,7
16666,1,5,0,0,0,8,8
16785,0,4,0,1,0,6,3
16786,0,1,1,1,1,0,9
16788,0,5,1,1,1,4,3
16804,0,3,1,1,1,6,6
16913,0,4,1,0,1,2,9
16960,1,4,1,0,1,3,8
16984,1,0,1,1,0,7,6
17135,0,5,1,1,1,3,2
17162,1,0,0,0,0,0,9
17189,0,0,1,1,1,3,8
17202,1,2,0,0,0,8,4
17336,0,2,0,0,0,1,7
17349,0,5,0,1,0,6,2
17445,1,0,1,1,1,4,6
17461,1,4,1,1,0,9,3
17470,1,0,0,0,0,8,7
17481,1,0,1,1,1,5,6
17494,1,5,0,0,0,4,3
17508,1,4,0,0,0,0,6
17549,0,2,1,0,1,4,4
17619,0,4,0,0,0,7,7
17805,0,3,1,0,1,3,3
17827,1,0,0,0,0,4,3
18042,1,4,0,0,0,0,8
18164,0,1,0,0,0,0,8
18208,0,3,0,0,0,1,3
18211,1,2,0,1,0,9,6
18216,1,1,1,0,0,4,8
18263,1,2,1,1,0,7,8
18350,0,5,1,0,1,2,7
18358,1,2,0,1,0,6,5
18397,0,2,0,1,0,1,4
18432,1,3,1,0,1,1,6
18511,0,1,0,0,0,2,2
18524,0,1,0,1,0,1,3
18533,1,1,0,1,0,2,8
18543,0,1,0,1,0,5,2
18581,1,3,1,1,1,6,7
18652,1,4,0,1,0,5,4
18660,1,4,0,1,0,8,7
18685,0,2,0,1,0,3,7
18728,1,2,0,0,0,2,8
18736,1,4,1,0,1,1,6
18778,0,4,1,1,1,1,5
18846,1,4,1,1,1,4,4
18854,0,1,1,1,1,5,8
18881,1,2,0,1,0,6,5
18938,1,3,0,1,0,8,8
19064,1,1,0,1,0,7,2
19203,1,4,1,0,1,8,9
19246,0,4,0,1,0,7,8
19252,0,4,0,1,0,3,5
19260,1,4,1,1,1,3,7
19263,0,2,1,1,1,4,4
19273,0,3,0,0,0,0,8
19435,0,4,1,1,1,0,7
19456,0,2,0,1,0,8,8
19598,0,1,0,0,0,8,4
19603,1,2,0,1,0,0,5
19748,0,4,1,0,1,7,3
19759,1,4,0,0,0,9,2
19795,1,2,1,0,1,4,4
19832,1,5,0,0,0,6,3
19969,1,0,1,1,1,1,7
19974,1,4,0,1,0,5,2
20148,0,3,0,0,0,2,4
20189,0,2,1,1,1,5,8
20266,0,3,0,0,0,4,3
20268,1,2,1,0,0,2,9
20298,0,2,1,0,1,1,6
20323,0,4,0,1,0,5,8
20331,0,3,1,0,1,8,8
20350,1,2,1,0,1,7,4
20440,0,4,1,0,1,5,3
20454,0,0,0,0,0,0,9
20473,1,2,1,1,0,4,6
20513,0,3,0,0,0,6,5
20612,0,4,0,0,0,7,4
20658,1,0,1,1,0,5,2
20660,1,2,0,0,0,5,3
20666,0,4,1,0,1,8,3
20740,1,1,1,0,1,0,8
20819,1,3,0,0,0,6,7
20830,0,3,0,0,0,1,2
21031,0,2,1,1,1,3,5
21157,0,2,1,1,1,2,3
21214,0,2,1,1,1,3,5
21307,0,4,1,1,1,4,9
21318,0,2,1,0,1,0,7
21418,1,0,0,1,0,3,4
21525,1,4,0,0,0,3,4
21838,1,4,1,1,0,6,2
21895,0,4,0,1,0,2,2
22010,0,0,0,1,0,2,7
22056,1,2,1,0,1,9,8
22100,1,2,1,0,1,5,2
22231,1,1,0,1,0,9,8
22271,1,1,1,1,0,10,9
22356,0,3,1,1,1,0,9
22426,0,2,1,0,1,2,8
22577,0,4,1,0,1,1,9
22580,0,1,0,1,0,2,9
22604,0,2,1,1,1,5,3
22639,0,0,1,1,1,6,3
22790,0,1,0,0,0,8,8
22915,0,3,0,0,0,2,4
23108,1,2,1,1,0,2,8
23121,1,2,0,1,0,8,7
23146,0,4,0,0,0,2,9
23247,0,3,1,0,1,1,6
23288,0,2,1,0,1,6,2
23293,0,5,0,0,0,5,3
23305,0,4,1,0,1,6,2
23446,1,4,0,0,0,6,9
23471,0,1,0,1,0,4,8
23484,0,3,0,1,0,7,4
23574,0,2,1,0,1,0,4
23607,0,4,0,0,0,3,8
23846,1,3,1,0,1,7,5
23868,0,3,0,0,0,5,3
23942,0,5,0,0,0,7,5
24021,0,1,1,0,1,8,3
24048,1,4,1,1,0,3,8
24141,1,4,1,1,0,8,3
24152,0,1,1,1,1,2,6
24160,1,3,0,0,0,6,6
24171,1,1,1,0,1,7,8
24299,0,2,1,0,1,3,3
24585,1,2,0,1,0,7,4
24634,0,3,1,0,1,2,4
24656,1,3,0,1,0,9,7
24719,0,1,0,0,0,2,9
24757,1,3,1,1,1,7,6
24880,0,0,1,0,1,2,4
24891,1,5,1,1,1,3,7
24904,1,1,0,1,0,1,8
25005,0,3,1,1,1,4,8
25065,1,3,1,0,1,7,7
25078,1,4,0,1,0,7,7
25095,0,1,0,1,0,2,3
25103,1,2,1,1,1,3,6
25114,0,5,0,1,0,6,7
25223,1,4,1,0,1,5,7
25242,1,4,1,0,1,1,5
25351,0,2,1,1,1,4,8
25362,0,5,0,0,0,8,7
25536,0,3,0,0,0,4,6
25724,1,5,0,1,0,3,5
25779,1,2,1,0,0,0,4
25790,1,4,0,0,0,9,3
25907,0,5,1,0,1,2,4
25910,1,2,1,1,0,2,3
25929,0,3,0,1,0,6,3
25932,0,4,1,1,1,5,2
25937,1,4,1,0,1,6,5
25946,0,4,1,0,1,2,5
26081,0,2,1,1,1,7,2
26242,0,2,0,1,0,7,5
26264,1,2,0,0,0,5,8
26289,0,4,0,1,0,4,7
26450,0,2,1,0,1,7,4
26602,1,4,1,1,1,1,4
26613,0,1,1,1,1,5,3
26621,0,2,0,1,0,2,4
26646,1,4,1,0,0,3,9
26654,1,2,0,1,0,4,7
26662,0,5,1,0,1,8,3
26787,0,2,1,1,1,3,5
26796,0,4,0,0,0,8,7
26807,0,5,1,0,1,6,5
26836,1,2,1,1,0,9,4
26934,0,4,1,1,0,6,7
26948,1,1,1,1,0,6,8
26992,0,3,1,1,1,3,2
27019,1,4,1,0,1,9,8
27168,1,1,1,0,0,1,9
27183,0,1,0,1,0,8,8
27294,1,1,1,0,1,5,4
27558,0,1,1,0,1,2,4
27681,0,3,0,1,0,5,3
27698,0,2,0,0,0,8,5
27701,1,2,1,1,0,6,5
27801,0,1,0,0,0,7,9
27975,0,4,0,0,0,2,3
28038,0,2,0,1,0,4,7
28082,0,3,0,0,0,8,3
28090,0,1,1,1,1,8,6
28110,0,4,1,0,0,0,7
28147,0,2,0,1,0,3,3
28196,0,2,1,1,1,7,2
28343,1,3,1,1,0,9,4
28395,0,4,0,0,0,5,8
28586,1,2,0,1,0,5,4
28703,1,1,1,0,1,8,6
28768,0,3,0,1,0,5,2
28777,0,1,1,1,1,5,8
28779,0,3,0,0,0,3,4
28910,1,4,1,1,0,9,7
28924,0,2,0,1,0,7,8
28932,0,1,0,0,0,4,3
28935,1,3,0,1,0,8,5
28951,1,2,0,1,0,8,8
29038,0,1,1,0,1,8,3
29103,1,2,1,1,1,7,9
29106,0,1,1,0,1,7,4
29156,1,3,1,1,1,4,7
29257,1,3,0,0,0,10,5
29281,0,5,1,0,1,3,3
29311,0,0,1,1,1,6,7
29594,0,2,0,0,0,2,4
29752,1,4,1,1,0,5,5
29769,0,0,1,0,1,5,4
29798,0,4,1,0,1,7,8
29943,0,2,1,1,1,4,6
29954,0,0,0,0,0,2,5
29962,1,0,1,0,0,9,6
29987,0,2,0,0,0,7,7
30322,1,1,1,1,1,2,3
30344,0,3,0,0,0,1,5
30352,0,5,1,0,1,8,6
30436,0,2,1,1,1,4,4
30447,1,3,1,1,1,2,6
30458,0,0,0,0,0,1,5
30537,1,2,0,1,0,9,2
30545,0,0,0,0,0,6,9
30635,1,2,0,0,0,3,7
30668,1,3,0,0,0,7,3
30796,0,4,0,0,0,3,4
30992,0,2,1,0,1,3,5
31069,0,3,1,1,1,5,5
31077,1,4,1,1,1,8,5
31243,0,3,0,0,0,3,3
31257,1,0,1,0,0,7,7
31338,1,1,1,0,0,5,8
31341,0,5,0,1,0,3,5
31352,0,1,0,0,0,1,4
31385,0,2,0,0,0,7,9
31546,1,4,1,1,0,7,3
31556,0,3,0,0,0,8,7
31559,1,3,1,1,1,8,8
31584,0,4,0,1,0,5,9
31674,0,3,1,1,1,6,6
31717,1,2,1,1,0,4,6
31742,0,4,0,0,0,3,3
31845,0,3,0,1,0,3,4
31859,0,5,1,1,1,4,6
31884,1,2,1,1,1,5,2
31892,1,1,1,1,1,0,8
32044,0,5,0,0,0,5,5
32058,0,0,0,1,0,6,3
32090,0,2,0,0,0,3,2
32140,0,5,0,0,0,1,2
32205,0,3,0,1,0,8,5
32252,0,0,0,1,0,0,5
32295,0,5,0,0,0,2,4
32379,1,4,1,1,1,4,6
32390,1,4,1,0,0,1,6
32469,1,3,1,1,0,2,8
32478,0,2,1,1,1,2,2
32486,0,3,1,1,1,6,3
32554,0,2,0,1,0,4,7
32598,1,3,1,0,0,1,6
32622,1,4,0,1,0,9,5
32897,0,5,0,0,0,5,7
32955,0,2,0,0,0,4,8
33001,1,0,0,0,0,6,4
33072,0,3,0,1,0,2,4
33094,1,4,1,1,1,6,4
33099,1,3,1,0,0,7,7
33157,0,5,1,1,0,3,4
33162,0,1,1,0,1,0,9
33304,0,3,0,0,0,5,8
33317,0,0,0,0,0,2,3
33500,1,1,0,1,0,1,6
33508,0,2,0,0,0,7,8
33661,1,4,1,1,1,8,8
33674,0,0,0,0,0,7,6
33679,0,0,0,0,0,1,5
33777,0,4,1,1,1,7,2
33802,0,3,1,1,1,3,4
33906,0,3,1,0,1,2,3
33952,0,4,1,0,1,4,3
34023,1,1,0,1,0,8,5
34064,1,1,1,0,1,9,4
34162,1,4,0,0,0,6,6
34186,0,1,1,1,1,0,6
34209,1,3,1,0,1,8,4
34230,1,1,1,0,0,0,7
34238,1,3,1,1,1,3,5
34345,0,1,1,0,1,2,4
34367,1,3,1,1,0,1,3
34389,0,3,1,1,1,3,6
34481,1,1,1,0,0,7,5
34519,0,5,0,1,0,5,5
34680,1,3,1,0,1,8,6
34702,0,2,1,0,0,6,4
34713,0,5,0,0,0,7,4
34737,1,2,1,1,1,3,4
34759,1,3,1,0,1,6,4
34829,0,4,0,0,0,2,2
34851,1,3,1,1,0,1,9
34887,1,3,1,1,1,1,6
35077,1,1,0,0,0,0,8
35197,0,5,1,0,1,7,6
35244,1,2,0,0,0,1,9
35372,1,3,1,1,0,6,7
35429,1,4,1,0,0,9,8
35443,0,3,0,0,0,1,2
35465,0,3,0,1,0,2,3
35532,0,5,0,0,0,5,4
35732,1,0,1,1,1,6,7
35890,0,2,1,0,1,4,2
35988,0,5,0,1,0,5,5
36010,0,3,1,1,1,3,5
36135,1,2,0,1,0,6,7
36138,0,0,0,0,0,5,7
36238,0,3,0,1,0,6,5
36285,0,4,1,0,1,0,4
36306,1,0,0,0,0,6,4
36321,0,1,0,0,0,3,2
36356,1,1,1,1,1,10,5
36435,1,3,1,1,1,3,4
36475,0,4,0,1,0,7,7
36486,1,5,1,0,1,4,6
36527,1,5,0,0,0,3,4
36645,1,4,1,1,0,9,7
36781,0,3,1,0,1,7,6
36830,1,0,1,1,0,10,6
36852,1,5,1,0,0,6,8
36944,0,3,0,0,0,0,4
36980,0,3,0,0,0,0,7
37027,1,3,1,1,0,4,9
37141,1,5,1,0,0,7,8
37299,1,2,0,1,0,9,8
37348,1,4,1,1,1,2,6
37373,1,2,0,1,0,4,3
37378,1,4,0,1,0,3,2
37476,0,1,0,0,0,6,8
37522,0,1,1,0,1,4,5
37722,0,2,1,1,1,8,8
37754,0,4,1,1,1,7,3
37833,1,1,1,1,1,9,7
37928,0,1,0,0,0,8,5
38021,1,2,1,0,0,6,9
38193,0,2,1,1,1,4,6
38206,0,2,1,0,1,8,3
38342,0,5,1,1,1,4,6
38425,0,0,1,1,1,4,5
38465,0,2,1,1,1,8,8
38517,1,3,1,0,1,2,5
38605,0,2,1,0,1,2,5
38609,1,4,1,0,0,10,9
38640,0,5,1,0,1,8,6
38765,0,2,1,1,1,3,3
38792,0,3,1,1,1,3,8
38874,0,4,1,1,1,5,8
38885,0,5,1,0,1,6,8
38896,1,1,1,1,1,3,6
39084,1,4,1,0,1,8,2
39095,0,2,0,1,0,2,3
39131,0,3,0,0,0,3,2
39282,0,4,1,1,1,6,7
39301,0,0,0,1,0,2,3
39405,1,4,0,0,0,0,4
39441,0,0,0,1,0,1,4
39477,0,0,0,1,0,2,4
39514,0,1,1,0,1,7,6
39801,0,5,0,0,0,8,3
39823,0,3,1,1,0,4,5
39950,1,1,1,1,0,0,7
39994,0,2,1,1,1,3,5
39996,0,2,1,1,1,4,2
40002,0,4,1,1,0,5,3
40155,0,0,1,1,0,3,6
40180,0,3,0,0,0,3,4
40182,0,5,0,1,0,1,5
40274,0,5,0,1,0,6,2
40283,0,1,0,0,0,4,5
40346,0,3,0,1,0,7,3
40482,0,3,0,1,0,7,5
40493,0,4,0,0,0,2,3
40741,1,4,0,1,0,10,5
40828,1,2,1,0,1,3,3
40886,1,4,1,1,0,7,5
40915,1,2,1,0,0,5,5
40989,0,4,0,1,0,4,3
41060,1,2,0,0,0,8,7
41063,1,3,0,1,0,3,7
41071,0,4,0,1,0,1,3
41106,0,4,0,0,0,2,5
41188,0,1,1,0,1,5,7
41242,0,2,0,0,0,5,9
41335,0,3,1,0,1,2,4
41348,0,3,1,1,1,4,8
41392,0,2,1,0,1,3,9
41447,0,1,0,0,0,3,4
41520,0,5,1,0,1,8,8
41607,0,3,1,1,1,7,6
41755,0,4,0,0,0,4,3
41869,1,4,0,1,0,2,9
41929,1,2,1,0,0,10,6
42032,1,5,0,0,0,6,4
42041,1,4,1,0,1,9,6
42076,0,3,0,1,0,3,6
42087,0,0,1,1,1,3,6
42126,1,3,1,1,0,2,8
42272,0,5,1,1,1,1,7
42299,0,5,1,0,1,5,4
42308,0,3,0,1,0,4,7
42444,1,1,1,0,1,6,4
42599,1,2,1,0,1,5,8
42629,0,3,0,0,0,4,7
42646,1,5,1,1,0,7,8
42649,0,3,1,0,1,2,2
42665,1,4,1,0,1,6,5
42673,0,0,0,1,0,5,6
42681,1,4,1,1,0,10,7
42782,0,4,0,0,0,3,4
42804,0,3,1,0,1,2,3
42807,1,3,1,0,1,9,5
42815,1,3,1,1,1,8,6
42918,0,1,0,0,0,8,6
42975,0,2,1,1,1,2,3
43117,1,1,1,1,0,1,8
43128,0,1,0,1,0,1,7
43150,0,2,0,0,0,2,4
43178,0,2,0,1,0,5,4
43264,0,4,1,1,1,5,4
43357,0,2,1,0,1,7,7
43507,0,3,1,1,1,5,6
43521,1,3,0,1,0,5,7
43529,0,2,1,0,1,0,6
43539,0,0,0,0,0,3,7
43564,1,4,1,0,1,2,7
43682,0,1,1,1,1,2,2
43856,0,4,1,1,1,3,4
43970,0,4,1,0,1,4,8
44008,0,2,1,1,1,4,6
44183,0,3,1,0,1,1,7
44232,1,1,1,1,1,2,5
44327,1,1,1,1,1,8,9
44425,0,1,0,1,0,2,6
44573,0,3,1,1,1,5,2
44597,0,3,0,1,0,4,5
44676,0,2,0,1,0,3,8
44744,1,3,1,1,1,2,9
44804,0,4,1,1,1,2,5
44872,1,3,1,1,1,1,4
44935,0,3,0,1,0,2,2
45113,0,2,0,1,0,6,9
45115,0,4,0,0,0,5,3
45450,1,3,1,0,0,7,7
45592,0,1,0,1,0,2,3
45627,1,3,0,1,0,7,7
45660,1,4,0,1,0,8,6
45728,0,3,0,0,0,4,4
45935,1,5,0,0,0,8,4
45989,0,4,1,1,1,6,2
46143,1,1,1,1,1,1,4
46159,0,5,0,1,0,7,6
46167,1,5,0,0,0,5,5
46183,0,3,0,0,0,0,3
46270,0,1,0,0,0,5,7
46355,1,3,1,0,0,2,6
46357,0,3,1,0,1,0,8
46644,0,1,0,1,0,7,5
46682,1,3,1,1,1,8,3
46862,0,2,0,1,0,3,4
46864,1,2,1,0,0,1,3
46889,0,0,0,1,0,7,8
47175,0,4,1,0,1,3,8
47262,1,4,1,1,1,4,2
47426,0,3,1,0,1,2,5
47521,1,3,1,1,1,10,8
47532,0,3,1,0,1,8,5
47568,0,5,0,0,0,1,8
47745,1,1,1,0,1,1,5
47878,0,4,0,0,0,1,2
47900,0,1,0,1,0,3,4
47911,1,3,1,0,1,8,4
47922,0,4,0,0,0,7,8
48104,1,0,1,1,0,6,8
48124,1,4,1,0,1,3,3
48216,1,4,1,1,1,5,5
48423,0,0,0,1,0,7,3
48617,0,4,1,1,1,6,3
48622,0,3,0,1,0,6,6
48647,0,3,0,1,0,4,8
48805,0,3,0,0,0,2,5
48919,1,3,1,0,0,3,6
48979,1,3,1,1,0,2,5
49088,0,2,0,1,0,5,4
49162,0,1,0,1,0,8,6
49265,0,0,0,1,0,6,8
49290,1,4,1,1,0,9,9
49309,0,4,0,0,0,2,7
49451,1,4,1,1,0,3,6
49570,0,4,1,0,1,4,7
49636,0,4,0,0,0,7,9
49644,1,2,1,1,1,3,9
49772,0,3,0,0,0,3,2
49819,0,3,0,0,0,4,4
49870,1,5,0,1,0,3,3
49884,1,4,0,0,0,5,5
49890,0,5,0,0,0,0,5
49969,1,1,1,0,1,6,9
49982,0,1,1,1,1,2,7
50129,0,3,1,0,1,8,9
50168,1,0,1,1,0,9,3
50192,0,0,0,1,0,2,2
50197,0,2,1,0,0,8,6
50200,0,1,1,1,0,0,6
50304,1,0,0,1,0,2,6
50380,0,2,1,1,0,1,2
50405,1,4,0,0,0,5,5
50429,0,1,1,1,1,3,3
50514,0,5,0,1,0,5,6
50737,0,1,0,0,0,5,2
50882,0,3,1,0,1,6,8
50915,1,5,0,1,0,6,9
50920,1,1,1,1,0,7,4
50950,0,4,0,0,0,6,6
51066,0,1,1,1,1,3,6
51244,1,3,1,0,0,0,6
51253,0,0,0,1,0,2,4
51484,1,1,1,0,0,6,6
51555,1,2,1,1,0,1,8
51566,0,4,1,1,1,2,6
51642,0,4,0,1,0,5,3
51715,1,3,1,0,1,7,6
52061,1,1,1,0,1,1,9
52291,0,1,1,0,1,0,7
52318,1,2,1,0,0,7,5
52407,0,2,0,0,0,3,8
52429,0,2,0,1,0,1,5
52495,0,0,0,1,0,8,7
52640,0,5,0,1,0,2,3
52653,0,3,1,1,1,5,6
52677,0,2,1,1,1,6,7
52765,1,2,1,1,1,10,7
52824,0,5,1,0,1,5,5
52852,0,1,1,1,1,0,7
52999,0,0,1,1,1,6,6
53002,0,3,1,0,1,2,9
53190,1,3,1,0,0,9,9
53334,1,5,0,1,0,6,4
53413,1,2,0,0,0,7,8
53459,0,3,1,0,1,2,3
53552,1,3,0,1,0,9,4
53553,0,1,1,1,1,7,8
53683,1,0,0,1,0,1,4
53735,0,3,0,1,0,4,3
53759,0,4,1,0,1,1,6
53760,0,3,1,0,1,1,4
53882,1,4,0,0,0,3,3
54027,0,5,0,1,0,2,9
54056,1,4,0,1,0,3,7
54073,0,4,0,1,0,0,9
54106,0,5,0,1,0,5,3
54163,0,1,1,0,1,2,7
54174,0,2,1,0,1,5,4
54212,0,2,0,1,0,3,5
54223,1,2,1,1,1,2,9
54253,0,2,0,0,0,4,6
54373,1,2,1,1,0,9,7
54427,1,2,1,1,1,6,6
54580,1,3,1,0,1,1,6
54597,0,3,0,1,0,4,4
54605,1,2,1,1,1,9,5
54708,0,4,0,1,0,1,4
54765,1,0,1,1,1,3,3
54868,0,2,1,0,1,2,6
54947,1,2,1,0,0,4,5
54989,0,2,0,1,0,3,2
55225,0,3,1,0,1,6,5
55667,0,2,0,1,0,3,5
55814,0,4,0,1,0,2,5
56043,1,2,1,1,1,8,3
56117,1,0,1,1,0,3,7
56169,1,1,1,0,1,7,5
56316,0,3,1,1,1,8,5
56338,0,3,1,0,1,1,7
56341,0,1,1,0,1,6,3
56365,0,2,0,0,0,2,2
56400,1,3,1,0,1,10,4
56553,0,4,1,0,1,6,3
56724,1,4,1,0,1,8,4
56809,0,0,0,1,0,1,3
56877,0,3,0,1,0,2,2
56880,1,2,1,0,1,1,5
57041,1,1,1,1,0,4,8
57055,1,2,1,1,0,10,8
57092,0,2,0,1,0,2,2
57215,0,1,0,0,0,5,8
57526,1,1,1,0,1,1,4
57542,0,4,0,1,0,6,8
57564,0,4,0,0,0,2,6
57572,1,1,1,0,1,8,4
57588,0,4,1,1,1,3,3
57678,0,5,0,0,0,2,8
57714,0,4,0,1,0,8,6
57728,1,0,1,1,0,1,7
57746,0,2,0,1,0,3,7
57853,0,1,1,1,1,5,7
57921,0,2,1,0,1,1,4
58082,1,1,1,1,1,2,8
58106,0,3,0,1,0,5,6
58109,1,2,1,1,0,6,8
58117,0,2,1,0,1,6,6
58281,0,4,1,0,1,4,3
58298,1,2,0,1,0,3,9
58300,0,3,1,0,1,5,3
58319,1,1,0,0,0,5,7
58384,0,2,1,0,1,2,3
58463,1,4,1,1,0,3,7
58466,1,5,0,0,0,3,3
58485,0,3,1,0,1,5,5
58624,1,1,1,1,1,2,5
58766,0,2,0,0,0,8,6
58804,0,5,0,0,0,0,5
58810,0,1,1,1,1,5,5
58850,0,5,1,1,1,6,7
58951,0,5,0,0,0,2,2
58973,1,2,1,1,1,0,5
59332,0,1,0,0,0,2,6
59347,1,1,0,1,0,4,4
59524,1,3,1,0,1,9,5
59665,0,4,0,0,0,5,3
59965,0,5,0,0,0,4,4
60003,0,3,0,0,0,2,3
60055,0,4,1,0,1,8,8
60068,0,1,0,1,0,8,4
60164,1,1,1,1,0,8,5
60243,1,4,1,0,1,1,2
60352,0,3,1,0,1,6,5
60382,1,3,0,0,0,7,6
60499,1,2,1,0,0,4,7
60524,0,1,0,0,0,7,5
60553,0,4,0,1,0,3,4
60788,1,2,1,1,0,8,8
60796,0,4,0,0,0,4,6
60968,1,2,1,0,1,1,8
61115,0,3,1,0,1,2,4
61145,1,0,1,0,0,2,6
61202,1,1,1,0,0,0,7
61240,0,4,0,0,0,3,9
61289,1,0,1,0,1,7,8
61368,0,4,1,1,1,2,4
61412,0,4,0,1,0,8,4
61459,1,5,1,0,0,6,6
61480,1,2,1,0,1,7,8
61671,0,3,1,0,1,7,9
61780,1,4,1,0,1,7,3
61829,0,2,1,0,0,2,6
61837,0,3,1,0,1,3,4
62003,0,3,1,1,0,3,8
62254,1,1,1,0,1,3,5
62322,1,0,1,0,1,6,2
62486,0,3,1,1,1,7,3
62510,1,3,0,0,0,7,7
62600,0,2,1,0,1,6,5
62611,0,3,0,0,0,7,6
62693,0,2,1,1,1,2,3
63145,0,5,1,1,1,1,7
63170,0,3,0,0,0,2,9
63192,0,3,1,0,1,1,4
63203,0,0,1,1,0,2,3
63306,0,4,1,0,1,4,7
63397,0,0,0,1,0,4,5
63663,0,0,1,0,1,8,7
63758,0,4,1,0,1,2,7
63769,0,1,1,1,1,5,2
63865,1,5,0,0,0,7,7
63955,0,2,1,1,1,1,3
64058,0,1,0,1,0,8,3
64246,0,5,1,0,1,4,4
64249,0,0,0,1,0,3,8
64358,1,2,1,0,0,8,4
64369,0,5,0,1,0,6,8
64372,0,4,1,1,1,6,5
64467,0,4,0,1,0,2,6
64532,0,2,1,1,1,8,8
64609,0,0,1,1,1,3,8
64620,1,2,1,0,0,1,4
64778,1,3,1,1,1,8,4
64808,0,2,0,1,0,6,4
64917,0,2,0,0,0,0,6
65134,1,1,1,1,0,4,4
65152,0,2,1,1,1,1,7
65246,1,4,1,0,1,4,6
65296,1,1,1,1,0,8,4
65606,1,3,1,1,1,1,5
65816,0,1,1,0,1,1,6
65838,0,2,0,1,0,7,6
65963,0,1,0,1,0,2,3
66151,0,1,1,0,1,3,7
66162,1,2,1,1,1,3,3
66200,0,1,1,1,1,3,4
66225,1,1,1,1,0,3,2
66383,1,4,1,1,0,1,6
66519,0,2,0,0,0,2,5
66555,1,3,1,1,1,9,5
66596,0,1,0,0,0,4,2
66707,0,2,0,1,0,8,8
66868,0,0,1,0,1,2,7
66920,0,2,1,1,1,3,8
67015,1,1,1,0,1,2,6
67043,1,3,1,1,0,6,8
67062,1,5,1,1,1,1,5
67076,1,4,1,1,0,3,6
67206,0,0,1,1,1,1,6
67242,1,5,1,1,1,4,8
67247,0,2,1,0,1,7,5
67285,0,3,1,1,1,8,5
67411,0,3,1,1,1,2,5
67462,1,3,1,0,1,2,5
67468,0,2,0,1,0,3,9
67596,0,2,0,1,0,1,6
67909,0,5,1,0,1,3,8
68048,1,3,1,0,1,8,6
68114,0,1,1,0,1,0,9
68301,1,1,1,1,1,8,8
68351,0,5,1,1,1,6,6
68402,0,4,1,0,1,2,3
68441,0,3,0,0,0,5,5
68689,0,5,0,0,0,5,9
68708,0,3,1,0,1,7,3
68789,1,0,1,0,0,2,4
68820,1,1,1,1,0,2,5
68961,0,4,1,0,1,7,8
69005,1,3,1,0,0,5,5
69122,0,4,0,0,0,3,4
69212,1,3,1,0,1,6,6
69293,1,2,1,1,0,4,2
69354,1,4,1,0,0,1,6
69528,1,1,1,0,0,4,4
69678,1,2,0,1,0,9,6
69702,0,1,0,1,0,3,8
69850,0,5,0,0,0,7,4
69861,0,5,0,0,0,4,7
69890,1,1,0,0,0,1,5
70117,0,5,1,1,1,8,6
70160,0,1,1,1,1,3,7
70233,1,3,1,0,0,5,5
70247,0,4,0,0,0,8,3
70334,0,4,0,0,0,2,6
70402,0,4,1,0,1,3,9
70428,0,4,1,0,1,2,3
70455,1,5,1,0,1,8,6
70588,0,3,0,1,0,1,2
70613,0,1,0,1,0,4,3
70948,0,1,1,0,1,8,9
70956,0,0,1,0,1,7,4
70983,0,2,0,0,0,1,6
71049,1,5,1,1,1,6,8
71060,0,1,0,1,0,4,4
71277,0,3,1,1,1,0,5
71313,0,1,0,0,0,1,5
71607,0,0,0,0,0,1,2
71632,0,4,0,0,0,4,3
71675,0,1,0,1,0,3,4
71684,0,3,1,1,1,6,2
71754,0,1,1,1,1,7,4
71989,1,3,1,0,1,5,2
72005,1,1,1,0,0,6,2
72128,1,1,1,1,1,1,8
72221,1,3,0,0,0,7,6
72311,0,2,0,1,0,2,7
72449,0,0,0,1,0,4,4
72517,1,2,1,1,1,7,9
72537,0,3,0,1,0,8,5
72567,0,3,1,1,1,4,7
72727,0,4,1,0,1,8,8
72880,1,0,1,1,0,8,3
72889,0,1,1,0,1,3,4
73062,1,1,1,1,0,6,9
73216,1,2,1,0,1,4,9
73218,1,1,1,0,0,0,7
73245,0,2,0,0,0,5,3
73338,0,5,0,0,0,1,5
73441,0,5,1,0,1,3,2
73584,1,4,1,1,0,2,5
73709,0,3,1,0,1,6,4
73761,1,4,1,0,0,10,6
73763,0,5,0,0,0,5,8
73807,0,4,1,1,1,0,8
73965,1,3,0,0,0,2,6
74079,1,4,1,0,0,9,3
74112,1,1,1,0,0,5,6
74139,0,5,1,1,1,5,2
74254,0,2,0,1,0,2,6
74276,0,5,1,1,1,2,3
74449,1,3,1,0,1,5,4
74589,1,0,1,1,0,1,4
74600,1,2,1,1,1,9,7
74638,1,5,1,1,1,3,7
74644,0,2,1,1,1,0,6
74662,0,3,0,1,0,5,5
74676,0,1,0,0,0,4,5
74763,0,1,1,0,1,2,5
74829,0,3,0,0,0,6,8
74850,0,2,1,1,1,8,9
74957,1,2,1,1,1,8,5
75167,0,5,0,0,0,1,9
75191,1,0,0,1,0,8,8
75444,0,5,0,0,0,2,6
75505,1,4,1,0,1,10,8
75671,1,3,1,1,0,7,3
75684,0,3,0,0,0,1,3
75685,0,0,0,0,0,2,5
75695,1,4,1,1,0,0,3
75878,1,3,1,1,0,1,5
76001,0,1,0,1,0,4,8
76145,1,1,1,0,1,8,4
76213,0,1,1,1,1,4,8
76262,1,4,1,0,0,3,6
76395,1,5,1,1,0,8,6
76428,0,4,1,1,0,3,8
76578,1,1,1,0,0,10,8
76726,0,1,0,0,0,6,8
76753,1,4,1,0,1,8,4
76840,0,3,0,1,0,4,3
76842,0,3,0,0,0,8,3
76935,0,4,0,0,0,2,3
77036,1,4,1,0,0,1,3
77050,0,5,1,0,1,3,2
77082,0,1,0,0,0,2,8
77189,0,2,0,0,0,6,4
77317,0,0,1,1,1,7,5
77399,0,2,0,0,0,2,4
77592,1,4,1,0,0,6,8
77649,0,5,1,1,1,1,3
77658,1,5,1,1,1,5,7
77780,0,2,0,0,0,8,4
77791,0,3,1,1,1,3,2
77930,0,2,1,0,1,2,5
77993,0,4,1,0,1,4,4
78102,0,3,0,0,0,5,2
78140,1,0,1,1,0,6,5
78276,0,4,1,1,1,1,6
78309,1,5,1,0,1,4,5
78320,0,4,1,1,1,6,5
78366,1,1,1,1,0,8,8
78374,1,2,1,0,1,5,5
78671,0,2,0,0,0,4,5
78693,0,3,0,1,0,3,3
78840,0,1,0,1,0,2,7
78884,1,2,1,0,0,6,6
78892,1,3,1,0,1,10,7
79001,0,3,0,1,0,3,4
79026,1,1,1,0,1,3,6
79031,1,2,1,1,1,8,5
79385,0,1,0,1,0,2,4
79486,1,1,1,1,1,1,5
79489,0,1,1,0,1,8,5
79685,0,2,1,1,1,3,3
79775,1,2,1,1,1,2,8
80034,1,1,0,0,0,10,6
80064,1,2,1,1,1,6,4
80192,1,4,1,0,1,0,7
80206,1,1,0,0,0,8,4
80391,1,1,0,0,0,5,8
80427,1,2,0,1,0,5,7
80443,1,0,1,1,0,6,5
80601,0,3,1,1,1,4,7
80625,0,5,1,0,1,6,4
80748,0,2,1,0,1,7,4
80784,0,2,1,1,1,3,6
80808,1,2,0,1,0,1,7
81015,0,4,1,1,1,2,2
81023,1,3,1,1,1,4,9
81121,0,4,0,0,0,6,6
81255,1,2,1,0,1,7,8
81473,0,4,1,1,1,6,8
81533,0,0,1,0,1,6,7
81648,0,2,0,0,0,3,8
81655,0,2,1,0,1,0,9
81775,0,3,0,1,0,1,3
81800,0,5,1,0,1,1,3
81827,0,2,1,1,1,2,4
81830,0,3,1,1,1,4,3
81871,1,4,1,0,1,9,5
81950,1,5,1,1,0,0,7
81974,0,2,1,1,1,0,6
82121,1,1,0,1,0,10,5
82173,0,1,1,0,1,1,3
82200,0,3,1,1,1,0,3
82383,1,2,1,0,1,9,7
82394,0,4,1,1,1,6,3
82399,0,4,0,0,0,8,8
82506,0,2,1,1,1,6,2
82517,0,3,0,0,0,3,3
82530,0,1,0,0,0,3,6
82539,0,3,1,0,1,3,5
82568,0,4,1,1,1,6,4
82713,1,1,0,1,0,7,5
82740,1,3,1,1,1,4,6
82816,0,4,1,1,1,3,5
82887,1,5,0,0,0,5,6
82901,1,0,0,0,0,5,6
82934,1,1,0,0,0,10,2
82945,0,2,1,1,1,2,2
83026,1,3,1,0,1,3,3
83037,0,0,1,1,1,1,4
83062,0,0,0,1,0,3,9
83291,0,1,1,0,1,5,4
83394,1,5,1,0,1,5,2
83533,0,4,0,0,0,7,5
83817,1,1,1,0,1,6,5
83890,0,1,0,0,0,2,4
84122,1,3,1,1,1,3,3
84334,1,0,1,0,1,9,6
84466,0,2,1,1,1,7,4
84471,0,5,0,0,0,7,6
84479,1,4,1,0,1,9,3
84498,0,3,0,1,0,3,2
84574,0,2,0,0,0,4,5
84582,0,0,1,0,1,4,8
84596,1,0,0,1,0,7,4
84665,0,3,0,1,0,3,2
84858,1,2,0,1,0,9,5
84866,0,5,0,1,0,7,6
84931,0,5,0,1,0,7,8
85032,0,3,1,0,1,1,4
85046,1,2,0,1,0,5,6
85163,1,4,1,1,1,3,2
85198,0,0,1,0,1,0,9
85277,0,2,0,1,0,7,8
85345,1,1,1,0,0,1,4
85474,0,3,0,0,0,4,2
85487,1,1,0,1,0,8,4
85626,1,3,1,1,0,1,5
85710,1,3,1,1,0,10,6
85836,1,0,1,1,0,6,9
85866,1,4,0,1,0,9,5
85890,1,5,1,0,1,2,2
86065,0,4,1,0,1,1,8
86073,1,0,1,1,1,2,2
86275,1,1,1,0,1,8,7
86408,0,3,0,1,0,6,3
86430,0,3,1,1,1,7,2
86526,0,1,0,0,0,3,8
86583,0,1,0,1,0,0,6
86624,0,4,0,0,0,8,6
86743,0,3,1,0,1,0,5
86790,0,1,1,0,1,2,2
86874,1,1,1,1,0,9,7
86948,1,4,1,0,1,8,5
87106,0,3,0,1,0,6,8
87245,0,0,0,0,0,3,4
87341,1,2,0,0,0,3,9
87384,0,3,1,1,1,1,3
87439,1,2,1,1,1,9,9
87468,0,2,0,1,0,3,5
87577,0,2,0,1,0,3,2
87637,0,4,1,0,1,2,2
87695,0,3,0,1,0,8,3
87788,0,1,1,0,1,3,8
87823,1,2,0,0,0,3,3
87924,0,4,1,1,1,1,5
87975,0,1,0,1,0,5,5
88014,0,3,1,0,1,7,4
88016,0,3,0,1,0,4,3
88019,0,3,1,0,0,8,7
88123,1,2,1,0,1,2,4
88169,1,3,0,0,0,1,6
88188,0,0,0,0,0,0,9
88471,1,4,0,1,0,1,4
88515,0,2,1,1,1,3,7
88526,0,3,1,1,1,2,5
88629,0,1,1,1,1,1,6
88632,1,2,0,1,0,2,4
88804,0,3,1,0,1,5,3
88840,1,2,1,0,1,0,5
89063,1,1,1,1,1,3,9
89175,0,4,1,0,1,8,6
89210,0,4,1,0,1,2,6
89226,0,4,0,0,0,6,8
89232,0,4,1,0,0,8,9
89235,1,4,1,0,1,5,7
89401,0,1,0,0,0,2,3
89624,1,4,0,0,0,2,6
89728,0,3,1,1,1,7,6
89777,0,1,1,1,1,5,8
89785,0,1,1,1,0,7,5
89880,1,2,1,1,1,8,6
89894,1,4,0,1,0,7,2
90027,1,1,0,1,0,7,5
90038,0,3,1,1,1,4,5
90085,1,1,1,1,1,6,8
90317,0,0,1,0,0,1,8
90499,1,2,1,1,1,3,8
90595,0,5,1,0,1,3,4
90633,0,3,1,1,1,2,5
90821,0,5,0,1,0,8,6
90856,0,4,0,1,0,5,3
91093,1,2,1,1,0,1,4
91104,1,3,1,0,1,8,7
91254,0,0,0,1,0,2,5
91333,1,4,1,1,1,5,4
91464,0,5,1,0,1,2,4
91475,1,5,0,1,0,1,2
91486,0,2,1,1,1,2,5
91532,1,3,1,0,1,3,6
91543,0,4,0,1,0,1,5
91611,1,2,0,0,0,6,8
91668,0,3,0,1,0,2,4
92170,0,3,1,0,1,6,8
92254,1,5,0,0,0,6,2
92328,1,3,0,0,0,2,6
92355,1,3,1,0,0,10,8
92363,0,3,1,1,1,3,3
92388,0,0,1,1,1,2,4
92546,0,1,0,1,0,6,2
92560,0,4,0,0,0,3,5
92611,0,2,0,0,0,5,3
92663,0,2,0,1,0,7,6
92725,0,5,1,0,1,4,3
92922,0,0,1,0,1,6,2
93012,0,0,1,1,1,3,6
93020,1,2,0,1,0,4,7
93034,0,2,0,1,0,7,7
93091,1,0,0,1,0,2,7
93094,0,2,0,1,0,6,6
93219,1,4,1,1,1,6,7
93257,1,0,1,1,1,8,4
93301,1,4,0,0,0,4,4
93303,0,4,0,1,0,5,8
93369,0,3,1,1,1,8,8
93380,1,4,1,0,1,4,5
93612,0,0,1,0,1,3,3
93715,0,3,0,1,0,5,2
93840,1,2,1,0,1,10,9
93889,0,3,0,1,0,5,4
93911,1,2,1,0,1,8,3
93961,0,1,1,0,1,1,5
93982,0,2,1,1,1,5,8
94072,0,2,0,0,0,5,5
94085,0,4,1,0,1,4,2
94148,0,0,1,1,1,3,5
94696,1,3,1,0,1,5,5
94712,1,2,0,1,0,1,4
94824,0,2,0,1,0,6,8
94963,0,4,0,1,0,0,8
94999,0,3,0,1,0,6,8
95032,0,3,1,1,1,6,4
95061,0,4,1,0,1,1,6
95214,0,3,1,0,1,7,7
95227,0,4,1,0,1,1,5
95370,0,2,0,1,0,1,3
95494,0,3,1,1,1,7,7
95541,0,4,1,1,1,4,3
95718,1,1,0,1,0,5,3
96015,0,0,1,1,1,0,8
96026,1,1,1,1,0,6,2
96061,0,2,0,1,0,4,2
96062,1,3,0,0,0,1,3
96249,1,5,1,0,1,1,5
96260,0,2,0,1,0,7,2
96279,0,4,1,0,1,7,5
96361,0,4,1,0,1,7,7
96593,0,3,1,1,1,5,2
96606,0,1,0,0,0,5,5
96721,0,2,1,1,1,7,4
96735,0,1,1,1,1,4,9
96963,0,5,1,0,1,2,9
97007,0,4,0,1,0,4,7
97070,1,3,1,1,1,9,5
97081,0,4,0,1,0,1,7
97116,0,3,1,0,1,5,6
97241,0,4,1,1,1,1,6
97266,0,1,1,0,1,0,2
97277,0,3,0,0,0,6,7
97285,1,4,0,0,0,6,3
97288,0,3,0,1,0,0,3
97329,0,2,0,1,0,1,7
97353,1,0,0,1,0,2,5
97424,1,2,0,0,0,1,8
97451,1,4,1,0,1,1,2
97475,1,4,0,1,0,3,3
97626,1,2,1,0,0,7,3
97691,0,0,0,1,0,2,2
97699,1,3,0,1,0,0,3
98130,1,4,1,1,1,7,2
98166,1,1,1,1,0,3,6
98214,1,0,0,0,0,4,7
98223,0,3,1,1,1,4,3
98337,1,2,1,1,1,9,8
98362,1,2,1,1,1,10,4
98476,1,2,0,0,0,9,7
98523,0,4,1,1,1,2,4
98593,1,0,1,0,0,9,6
98729,1,4,0,0,0,10,7
98904,0,1,1,0,1,6,5
99007,0,1,1,0,1,4,2
99032,1,4,1,0,0,6,3
99057,1,5,0,1,0,0,3
99078,0,3,1,0,1,5,3
99086,0,5,0,1,0,6,7
99233,1,1,0,0,0,4,5
99258,1,0,1,0,1,9,6
99261,0,5,1,1,1,6,3
99367,1,1,0,0,0,0,3
99370,1,2,1,0,0,2,3
99596,1,4,1,1,1,7,8
99702,1,2,1,0,1,2,7
99727,1,0,1,0,1,5,4
99763,0,1,0,1,0,3,2
99765,1,5,1,1,1,5,8
99912,0,1,1,1,1,8,2
99921,1,4,1,1,0,2,7
99923,0,2,1,1,1,8,7
99972,0,1,0,1,0,2,3
99994,1,1,1,0,1,4,2
99997,1,5,1,0,1,2,8
