"ChannelPartnerID","email","sms","call","response","n_comp","loyalty","portal","rewards","nps","n_yrs","Region","Sales"
10048,1,0,0,1,2,0,0,0,5,5,"South",85776
10073,1,0,1,1,5,0,0,0,3,7,"North",57648
10258,1,0,0,0,0,0,0,0,7,9,"East",11522
10416,1,0,1,0,1,1,0,1,1,5,"South",63422
10444,0,0,1,0,1,0,0,0,3,5,"South",20000
10454,0,1,0,0,0,0,1,0,7,3,"South",104355
10512,0,1,0,0,2,0,1,0,6,7,"West",96740
10618,1,0,1,0,5,0,0,0,2,8,"North",22000
10653,1,0,1,1,1,0,0,0,1,8,"East",75000
10819,1,1,1,1,1,1,1,1,6,5,"North",55000
10831,2,1,3,1,1,1,1,0,4,3,"West",45000
10836,1,1,1,1,0,1,1,1,4,7,"South",33117
10869,3,2,1,1,1,1,0,0,3,9,"West",82381
10984,0,1,0,0,0,0,1,0,3,3,"West",55657
10991,2,1,2,1,4,1,1,0,3,5,"North",25557
10997,1,0,1,0,1,1,0,1,6,4,"North",NA
11019,1,0,1,0,4,0,0,0,5,8,"West",116102
11100,0,1,0,0,3,0,1,0,3,2,"North",42607
11111,1,0,0,0,4,0,0,0,6,3,"South",24173
11122,0,1,0,0,5,0,1,0,2,3,"North",70936
11172,1,1,1,0,0,1,1,1,8,6,"North",NA
11207,1,1,1,0,0,0,1,0,2,2,"South",65897
11215,1,1,2,1,3,0,1,0,9,7,"North",120583
11297,1,1,1,0,0,0,1,0,1,8,"West",79029
11354,1,1,1,1,0,0,1,0,10,3,"South",40000
11357,2,1,3,1,3,0,1,0,6,4,"West",19931
11471,0,1,0,0,0,0,1,0,6,4,"East",70000
11656,1,0,1,1,4,1,0,1,10,6,"North",33272
11703,1,1,1,0,1,1,1,1,6,8,"East",70837
11752,0,1,0,0,0,0,1,0,3,4,"East",19951
11806,1,0,1,0,2,1,0,1,7,6,"East",45436
12016,1,1,1,0,1,1,1,1,2,7,"East",5705
12027,1,1,1,0,1,1,1,1,3,5,"North",19000
12152,1,0,1,0,4,1,0,1,7,9,"West",23369
12223,1,1,1,1,3,1,1,1,1,2,"East",46000
12382,1,1,1,0,4,1,1,1,8,5,"South",23369
12384,1,1,1,0,1,1,1,1,1,3,"East",50107
12398,1,0,1,0,1,1,0,1,5,2,"West",39889
12411,1,2,1,0,5,1,1,1,6,3,"South",1917
12509,1,1,0,1,5,0,1,0,0,6,"West",37073
12585,1,1,1,0,3,1,1,1,1,8,"South",59859
12594,0,1,0,1,4,0,0,0,3,3,"North",54682
12722,0,1,0,0,2,1,1,0,2,3,"North",149309
12768,1,0,1,1,3,0,0,0,8,3,"West",130703
12776,1,1,1,0,4,1,1,1,4,6,"North",45698
12883,0,1,0,1,1,1,0,0,4,4,"North",67199
12981,1,1,0,1,3,0,1,0,10,4,"West",75589
13087,0,1,0,0,3,0,0,0,4,4,"West",9100
13090,1,0,1,1,3,0,0,0,9,2,"South",84731
13142,0,1,0,0,2,0,0,0,5,5,"West",119658
13218,0,1,0,1,1,1,1,0,7,4,"South",35000
13262,1,1,1,0,5,1,1,1,0,4,"West",14000
13267,0,1,0,0,4,0,0,0,5,8,"South",30000
13401,1,0,1,1,2,1,0,1,7,5,"West",33017
13436,1,1,1,0,3,1,1,1,2,3,"East",15150
13461,1,0,1,0,5,1,0,1,5,4,"East",14656
13469,0,1,0,1,2,0,1,0,0,8,"South",137659
13507,0,2,0,0,3,0,0,0,1,4,"South",56403
13575,0,2,0,1,2,1,0,0,8,7,"East",33000
13670,2,0,0,0,3,0,0,0,4,4,"South",45142
13673,1,1,3,1,4,0,1,0,6,9,"West",76957
13763,0,1,0,1,1,0,0,0,6,6,"East",125846
13793,0,1,0,0,2,1,0,0,8,3,"West",27655
13826,1,0,1,0,5,1,0,1,2,5,"East",45896
13834,1,0,1,1,2,0,0,0,8,5,"West",10532
13918,0,1,0,0,2,0,1,0,2,5,"West",NA
14036,0,1,0,0,4,0,1,0,0,3,"North",53343
14142,0,1,0,0,2,0,0,0,3,3,"South",153379
14147,1,0,1,0,5,1,0,1,1,6,"North",53442
14156,1,1,1,1,1,0,1,0,3,2,"North",146137
14259,0,1,0,0,4,1,1,0,4,4,"West",NA
14452,1,0,1,0,2,1,0,1,4,6,"East",33649
14463,1,1,1,1,1,1,1,1,9,6,"North",25045
14512,1,0,1,0,2,1,0,1,2,4,"North",37553
14526,0,1,0,0,3,0,1,0,3,3,"North",107512
14562,3,3,1,1,0,1,0,0,7,5,"East",11567
14799,0,2,0,0,4,0,0,0,3,5,"South",21101
14810,0,2,0,0,1,0,0,0,8,7,"North",47674
14856,1,1,1,0,2,1,1,1,6,5,"North",14964
14891,1,0,1,1,2,0,0,0,8,4,"West",17148
14919,2,1,0,1,2,0,1,0,1,3,"East",135433
14970,0,2,0,0,3,0,0,0,2,6,"North",24182
14998,1,0,0,0,1,0,0,0,3,2,"North",60182
15009,1,1,1,0,1,1,1,1,6,7,"West",11336
15020,1,0,1,1,4,1,0,1,7,4,"East",23081
15033,1,0,1,0,4,1,0,1,3,3,"East",16230
15136,0,1,0,0,5,1,0,0,6,8,"West",55113
15273,1,1,1,1,2,1,1,1,5,7,"East",16943
15366,1,1,1,0,2,1,1,1,7,6,"West",3000
15518,0,1,0,0,4,0,1,0,2,3,"South",55239
15583,3,0,2,1,0,1,0,0,9,6,"West",106516
15679,1,0,1,1,3,1,0,1,9,9,"East",68923
15704,0,1,0,0,1,0,1,0,1,6,"South",30000
15715,0,1,0,0,0,1,1,0,5,3,"South",NA
15723,1,1,1,1,5,0,1,0,3,7,"East",25673
15739,1,0,1,1,1,0,0,0,5,4,"East",32852
15750,1,1,1,1,2,1,1,1,1,6,"South",31852
15766,2,0,0,0,3,0,0,0,6,6,"South",NA
15861,1,1,1,0,0,1,1,1,4,8,"South",101236
15936,1,1,1,1,0,1,1,1,7,8,"North",79723
16083,0,1,0,0,5,0,0,0,0,8,"West",NA
16094,1,1,0,0,3,0,1,0,6,8,"North",NA
16221,1,1,1,0,1,1,1,1,5,7,"East",55448
16444,1,0,0,1,5,0,0,0,5,8,"North",74151
16453,0,1,0,0,1,0,1,0,7,8,"South",35005
16458,1,1,1,0,0,1,1,1,0,3,"East",34873
16462,1,0,1,0,3,1,0,1,1,8,"West",48208
16467,0,0,2,0,1,0,0,0,4,9,"East",124818
16567,1,1,1,0,2,1,1,1,2,2,"North",52500
16628,0,1,0,0,0,0,0,0,3,5,"East",137240
16657,2,2,2,1,4,1,1,1,9,6,"East",28000
16660,1,0,1,0,4,1,0,1,0,7,"West",35371
16666,1,0,1,1,5,0,0,0,8,8,"East",100019
16785,0,1,0,0,4,0,1,0,6,3,"South",12504
16786,1,1,1,0,1,1,1,1,0,9,"East",47163
16788,1,1,1,0,5,1,1,1,4,3,"West",69724
16804,1,1,1,0,3,1,1,1,6,6,"East",12769
16913,1,0,1,0,4,1,0,1,2,9,"North",73374
16960,1,0,1,1,4,1,0,1,3,8,"West",41523
16984,0,1,0,1,0,1,1,0,7,6,"West",89214
17135,1,1,1,0,5,1,1,1,3,2,"South",7522
17162,1,0,0,1,0,0,0,0,0,9,"South",67239
17189,1,1,1,0,0,1,1,1,3,8,"West",33624
17202,1,2,0,1,2,0,0,0,8,4,"West",128878
17336,0,1,0,0,2,0,0,0,1,7,"East",45938
17349,0,1,0,0,5,0,1,0,6,2,"North",NA
17445,1,1,1,1,0,1,1,1,4,6,"North",32753
17461,0,1,0,1,4,1,1,0,9,3,"West",155799
17470,0,0,2,1,0,0,0,0,8,7,"East",NA
17481,1,1,1,1,0,1,1,1,5,6,"South",39134
17494,1,0,0,1,5,0,0,0,4,3,"West",57625
17508,1,0,0,1,4,0,0,0,0,6,"South",47500
17549,1,0,1,0,2,1,0,1,4,4,"South",76597
17619,0,2,0,0,4,0,0,0,7,7,"North",99463
17805,1,0,1,0,3,1,0,1,3,3,"West",40962
17827,1,0,1,1,0,0,0,0,4,3,"East",67814
18042,1,0,1,1,4,0,0,0,0,8,"South",87253
18164,1,0,0,0,1,0,0,0,0,8,"East",85884
18208,1,0,0,0,3,0,0,0,1,3,"North",43097
18211,2,1,0,1,2,0,1,0,9,6,"North",43949
18216,0,1,0,1,1,1,0,0,4,8,"South",8642
18263,1,1,1,1,2,1,1,0,7,8,"South",112977
18350,1,0,1,0,5,1,0,1,2,7,"East",44937
18358,0,1,0,1,2,0,1,0,6,5,"East",62021
18397,0,1,0,0,2,0,1,0,1,4,"West",3070
18432,2,2,2,1,3,1,0,1,1,6,"North",158796
18511,0,1,0,0,1,0,0,0,2,2,"North",65032
18524,0,1,0,0,1,0,1,0,1,3,"West",36396
18533,0,1,0,1,1,0,1,0,2,8,"North",56004
18543,0,1,0,0,1,0,1,0,5,2,"East",57286
18581,1,1,1,1,3,1,1,1,6,7,"North",103921
18652,0,1,0,1,4,0,1,0,5,4,"East",52439
18660,1,1,1,1,4,0,1,0,8,7,"East",60854
18685,0,1,0,0,2,0,1,0,3,7,"East",25263
18728,1,0,1,1,2,0,0,0,2,8,"East",27130
18736,1,0,1,1,4,1,0,1,1,6,"South",74020
18778,1,1,1,0,4,1,1,1,1,5,"South",57024
18846,1,1,1,1,4,1,1,1,4,4,"South",86867
18854,1,1,1,0,1,1,1,1,5,8,"East",76876
18881,0,1,0,1,2,0,1,0,6,5,"East",50321
18938,1,1,1,1,3,0,1,0,8,8,"North",98532
19064,0,1,0,1,1,0,1,0,7,2,"North",65068
19203,1,0,1,1,4,1,0,1,8,9,"South",40348
19246,0,1,0,0,4,0,1,0,7,8,"North",NA
19252,0,1,0,0,4,0,1,0,3,5,"East",22933
19260,1,1,1,1,4,1,1,1,3,7,"North",37863
19263,1,1,1,0,2,1,1,1,4,4,"North",90488
19273,1,0,0,0,3,0,0,0,0,8,"North",72455
19435,1,1,1,0,4,1,1,1,0,7,"East",1432
19456,0,1,0,0,2,0,1,0,8,8,"West",49036
19598,2,0,0,0,1,0,0,0,8,4,"South",12503
19603,0,1,0,1,2,0,1,0,0,5,"West",43974
19748,1,0,1,0,4,1,0,1,7,3,"South",6728
19759,0,0,2,1,4,0,0,0,9,2,"West",8434
19795,1,0,1,1,2,1,0,1,4,4,"West",65930
19832,1,1,1,1,5,0,0,0,6,3,"West",67558
19969,1,1,1,1,0,1,1,1,1,7,"East",54894
19974,0,1,0,1,4,0,1,0,5,2,"South",62502
20148,0,1,0,0,3,0,0,0,2,4,"West",124629
20189,2,1,1,0,2,1,1,1,5,8,"South",91695
20266,0,1,0,0,3,0,0,0,4,3,"West",50825
20268,0,1,0,1,2,1,0,0,2,9,"North",51098
20298,1,0,1,0,2,1,0,1,1,6,"South",36127
20323,0,1,0,0,4,0,1,0,5,8,"South",25705
20331,1,0,1,0,3,1,0,1,8,8,"North",40134
20350,1,0,1,1,2,1,0,1,7,4,"North",13474
20440,1,0,1,0,4,1,0,1,5,3,"North",1200
20454,1,0,0,0,0,0,0,0,0,9,"West",97480
20473,0,1,0,1,2,1,1,0,4,6,"North",126837
20513,2,0,0,0,3,0,0,0,6,5,"North",63633
20612,0,2,0,0,4,0,0,0,7,4,"West",106168
20658,1,1,0,1,0,1,1,0,5,2,"East",59304
20660,1,0,1,1,2,0,0,0,5,3,"West",142020
20666,1,0,1,0,4,1,0,1,8,3,"East",88471
20740,1,0,1,1,1,1,0,1,0,8,"South",39218
20819,0,1,0,1,3,0,0,0,6,7,"East",31663
20830,0,1,0,0,3,0,0,0,1,2,"North",15025
21031,1,1,1,0,2,1,1,1,3,5,"West",5505
21157,1,1,1,0,2,1,1,1,2,3,"East",44530
21214,1,1,1,0,2,1,1,1,3,5,"North",32567
21307,1,1,1,0,4,1,1,1,4,9,"North",NA
21318,1,0,1,0,2,1,0,1,0,7,"North",35841
21418,2,1,1,1,0,0,1,0,3,4,"North",49832
21525,0,1,0,1,4,0,0,0,3,4,"South",75132
21838,0,1,0,1,4,1,1,0,6,2,"West",134901
21895,0,1,0,0,4,0,1,0,2,2,"East",5151
22010,0,1,0,0,0,0,1,0,2,7,"North",NA
22056,1,0,1,1,2,1,0,1,9,8,"North",NA
22100,2,0,2,1,2,1,0,1,5,2,"North",92635
22231,1,1,1,1,1,0,1,0,9,8,"North",41763
22271,1,1,1,1,1,1,1,0,10,9,"North",145313
22356,1,1,1,0,3,1,1,1,0,9,"North",15801
22426,1,0,1,0,2,1,0,1,2,8,"East",25683
22577,1,0,1,0,4,1,0,1,1,9,"East",19582
22580,0,1,0,0,1,0,1,0,2,9,"East",60910
22604,1,1,1,0,2,1,1,1,5,3,"East",14614
22639,1,1,1,0,0,1,1,1,6,3,"North",31651
22790,0,1,0,0,1,0,0,0,8,8,"North",NA
22915,0,1,0,0,3,0,0,0,2,4,"East",40676
23108,0,1,0,1,2,1,1,0,2,8,"East",50383
23121,0,1,0,1,2,0,1,0,8,7,"North",19965
23146,0,1,1,0,4,0,0,0,2,9,"East",20052
23247,1,0,1,0,3,1,0,1,1,6,"South",31733
23288,1,0,1,0,2,1,0,1,6,2,"North",95587
23293,0,1,0,0,5,0,0,0,5,3,"East",52028
23305,1,0,1,0,4,1,0,1,6,2,"South",61465
23446,0,1,0,1,4,0,0,0,6,9,"West",60040
23471,0,1,0,0,1,0,1,0,4,8,"East",NA
23484,0,1,0,0,3,0,1,0,7,4,"East",31729
23574,1,0,1,0,2,1,0,1,0,4,"West",NA
23607,0,1,0,0,4,0,0,0,3,8,"North",55695
23846,1,0,1,1,3,1,0,1,7,5,"East",80919
23868,2,0,0,0,3,0,0,0,5,3,"West",81363
23942,1,0,0,0,5,0,0,0,7,5,"West",34988
24021,1,0,1,0,1,1,0,1,8,3,"North",43220
24048,1,1,2,1,4,1,1,0,3,8,"North",6006
24141,0,1,0,1,4,1,1,0,8,3,"East",38888
24152,1,1,1,0,1,1,1,1,2,6,"West",37093
24160,0,1,0,1,3,0,0,0,6,6,"East",74861
24171,1,0,1,1,1,1,0,1,7,8,"North",NA
24299,1,0,1,0,2,1,0,1,3,3,"South",102110
24585,1,1,1,1,2,0,1,0,7,4,"North",49909
24634,1,0,1,0,3,1,0,1,2,4,"North",57201
24656,1,1,1,1,3,0,1,0,9,7,"North",49773
24719,0,1,0,0,1,0,0,0,2,9,"West",156460
24757,2,2,2,1,3,1,1,1,7,6,"North",94152
24880,1,0,1,0,0,1,0,1,2,4,"East",76308
24891,1,1,1,1,5,1,1,1,3,7,"West",23003
24904,1,1,1,1,1,0,1,0,1,8,"North",NA
25005,1,1,1,0,3,1,1,1,4,8,"South",144957
25065,1,0,1,1,3,1,0,1,7,7,"East",62881
25078,1,1,1,1,4,0,1,0,7,7,"North",24732
25095,0,1,0,0,1,0,1,0,2,3,"South",28850
25103,1,1,1,1,2,1,1,1,3,6,"East",NA
25114,0,1,0,0,5,0,1,0,6,7,"East",80255
25223,1,0,1,1,4,1,0,1,5,7,"North",44485
25242,1,0,1,1,4,1,0,1,1,5,"South",32681
25351,1,1,1,0,2,1,1,1,4,8,"South",61497
25362,0,1,0,0,5,0,0,0,8,7,"North",36205
25536,0,1,0,0,3,0,0,0,4,6,"North",101593
25724,0,1,0,1,5,0,1,0,3,5,"South",56958
25779,0,1,1,1,2,1,0,0,0,4,"South",115282
25790,1,0,1,1,4,0,0,0,9,3,"North",72132
25907,1,0,1,0,5,1,0,1,2,4,"North",8039
25910,0,1,0,1,2,1,1,0,2,3,"East",5743
25929,0,1,0,0,3,0,1,0,6,3,"East",61866
25932,1,1,1,0,4,1,1,1,5,2,"North",11166
25937,1,0,1,1,4,1,0,1,6,5,"East",45046
25946,1,0,1,0,4,1,0,1,2,5,"North",61261
26081,1,1,1,0,2,1,1,1,7,2,"West",62648
26242,1,1,0,0,2,0,1,0,7,5,"East",NA
26264,1,0,1,1,2,0,0,0,5,8,"West",74316
26289,1,1,0,0,4,0,1,0,4,7,"South",NA
26450,1,0,1,0,2,1,0,1,7,4,"North",45309
26602,1,1,1,1,4,1,1,1,1,4,"East",5677
26613,1,1,1,0,1,1,1,1,5,3,"North",32265
26621,0,1,0,0,2,0,1,0,2,4,"West",42715
26646,0,1,0,1,4,1,0,0,3,9,"East",92920
26654,1,1,1,1,2,0,1,0,4,7,"West",108609
26662,1,0,1,0,5,1,0,1,8,3,"East",16054
26787,1,1,1,0,2,1,1,1,3,5,"South",69403
26796,0,1,0,0,4,0,0,0,8,7,"South",47871
26807,1,0,1,0,5,1,0,1,6,5,"South",127995
26836,1,1,1,1,2,1,1,0,9,4,"North",53502
26934,0,1,0,0,4,1,1,0,6,7,"East",19814
26948,0,1,0,1,1,1,1,0,6,8,"West",53994
26992,1,1,1,0,3,1,1,1,3,2,"East",58791
27019,1,1,1,1,4,1,0,1,9,8,"West",42424
27168,2,1,0,1,1,1,0,0,1,9,"North",33073
27183,0,1,0,0,1,0,1,0,8,8,"North",NA
27294,1,0,1,1,1,1,0,1,5,4,"East",NA
27558,1,0,1,0,1,1,0,1,2,4,"East",66377
27681,0,1,0,0,3,0,1,0,5,3,"East",90351
27698,0,1,0,0,2,0,0,0,8,5,"North",74521
27701,0,1,0,1,2,1,1,0,6,5,"East",6765
27801,1,2,0,0,1,0,0,0,7,9,"South",61736
27975,1,0,0,0,4,0,0,0,2,3,"South",60752
28038,0,1,0,0,2,0,1,0,4,7,"South",61986
28082,2,0,1,0,3,0,0,0,8,3,"North",39809
28090,1,1,1,0,1,1,1,1,8,6,"West",64164
28110,0,1,0,0,4,1,0,0,0,7,"South",67517
28147,0,1,0,0,2,0,1,0,3,3,"East",56531
28196,1,1,1,0,2,1,1,1,7,2,"East",43650
28343,0,1,0,1,3,1,1,0,9,4,"North",35901
28395,1,0,0,0,4,0,0,0,5,8,"North",35757
28586,1,1,1,1,2,0,1,0,5,4,"North",19069
28703,1,0,1,1,1,1,0,1,8,6,"South",65158
28768,0,1,0,0,3,0,1,0,5,2,"West",87518
28777,1,1,1,0,1,1,1,1,5,8,"South",32809
28779,0,1,0,0,3,0,0,0,3,4,"East",7753
28910,0,1,1,1,4,1,1,0,9,7,"East",NA
28924,0,1,0,0,2,0,1,0,7,8,"North",28648
28932,2,1,1,0,1,0,0,0,4,3,"North",NA
28935,1,1,1,1,3,0,1,0,8,5,"North",107540
28951,1,1,1,1,2,0,1,0,8,8,"West",41809
29038,1,0,1,0,1,1,0,1,8,3,"West",69168
29103,1,1,1,1,2,1,1,1,7,9,"South",64202
29106,1,0,1,0,1,1,0,1,7,4,"West",156080
29156,1,3,1,1,3,1,1,1,4,7,"South",912
29257,1,0,1,1,3,0,0,0,10,5,"North",24473
29281,1,0,1,0,5,1,0,1,3,3,"West",94008
29311,1,1,1,0,0,1,1,1,6,7,"North",51804
29594,1,0,0,0,2,0,0,0,2,4,"South",40489
29752,0,1,0,1,4,1,1,0,5,5,"South",91542
29769,1,0,1,0,0,1,0,1,5,4,"East",17742
29798,1,0,1,0,4,1,0,1,7,8,"East",88057
29943,1,1,1,0,2,1,1,1,4,6,"South",13536
29954,0,0,2,0,0,0,0,0,2,5,"West",49117
29962,0,1,0,1,0,1,0,0,9,6,"North",256487
29987,0,1,0,0,2,0,0,0,7,7,"West",34252
30322,1,1,1,1,1,1,1,1,2,3,"North",42680
30344,0,1,0,0,3,0,0,0,1,5,"North",125795
30352,1,0,1,0,5,1,0,1,8,6,"East",15615
30436,1,1,1,0,2,1,1,1,4,4,"North",41220
30447,1,1,1,1,3,1,1,1,2,6,"West",14947
30458,1,0,0,0,0,0,0,0,1,5,"East",14947
30537,2,1,2,1,2,0,1,0,9,2,"North",118057
30545,2,2,0,0,0,0,0,0,6,9,"West",32597
30635,1,0,1,1,2,0,0,0,3,7,"East",190402
30668,0,1,0,1,3,0,0,0,7,3,"North",89519
30796,0,2,0,0,4,0,0,0,3,4,"North",144272
30992,1,0,1,0,2,1,0,1,3,5,"East",6295
31069,1,1,1,0,3,1,1,1,5,5,"North",125358
31077,1,1,1,1,4,1,1,1,8,5,"North",52943
31243,0,1,0,0,3,0,0,0,3,3,"East",34354
31257,1,1,1,1,0,1,0,0,7,7,"North",109357
31338,0,1,0,1,1,1,0,0,5,8,"West",25435
31341,0,1,0,0,5,0,1,0,3,5,"East",148339
31352,1,0,0,0,1,0,0,0,1,4,"East",62230
31385,1,0,0,0,2,0,0,0,7,9,"North",63255
31546,0,1,0,1,4,1,1,0,7,3,"North",26506
31556,0,1,0,0,3,0,0,0,8,7,"North",59800
31559,1,1,1,1,3,1,1,1,8,8,"East",5024
31584,0,1,0,0,4,0,1,0,5,9,"East",53137
31674,1,1,1,0,3,1,1,1,6,6,"West",38876
31717,0,1,0,1,2,1,1,0,4,6,"East",61995
31742,1,0,0,0,4,0,0,0,3,3,"West",NA
31845,0,1,0,0,3,0,1,0,3,4,"East",76133
31859,1,1,1,0,5,1,1,1,4,6,"North",88832
31884,1,1,1,1,2,1,1,1,5,2,"West",100906
31892,1,1,1,1,1,1,1,1,0,8,"East",7196
32044,0,1,0,0,5,0,0,0,5,5,"East",97423
32058,0,1,0,0,0,0,1,0,6,3,"South",91928
32090,0,2,0,0,2,0,0,0,3,2,"East",NA
32140,0,2,0,0,5,0,0,0,1,2,"North",9864
32205,0,1,0,0,3,0,1,0,8,5,"North",60834
32252,0,1,0,0,0,0,1,0,0,5,"West",57720
32295,1,1,0,0,5,0,0,0,2,4,"South",54651
32379,1,1,1,1,4,1,1,1,4,6,"West",79439
32390,1,0,0,1,4,1,0,0,1,6,"West",90254
32469,2,1,2,1,3,1,1,0,2,8,"North",34228
32478,1,1,1,0,2,1,1,1,2,2,"North",60072
32486,1,1,1,0,3,1,1,1,6,3,"East",51080
32554,0,1,0,0,2,0,1,0,4,7,"South",84421
32598,0,1,0,1,3,1,0,0,1,6,"North",14976
32622,2,1,2,1,4,0,1,0,9,5,"North",19574
32897,0,1,0,0,5,0,0,0,5,7,"East",NA
32955,0,1,0,0,2,0,0,0,4,8,"East",2093
33001,2,0,2,1,0,0,0,0,6,4,"South",18244
33072,0,1,0,0,3,0,1,0,2,4,"South",8333
33094,1,1,1,1,4,1,1,1,6,4,"West",49335
33099,0,1,0,1,3,1,0,0,7,7,"West",31430
33157,0,1,0,0,5,1,1,0,3,4,"West",9900
33162,1,0,1,0,1,1,0,1,0,9,"North",NA
33304,0,1,0,0,3,0,0,0,5,8,"South",6901
33317,1,0,0,0,0,0,0,0,2,3,"West",14657
33500,1,1,1,1,1,0,1,0,1,6,"South",48689
33508,0,1,0,0,2,0,0,0,7,8,"South",12106
33661,1,1,1,1,4,1,1,1,8,8,"East",NA
33674,1,0,0,0,0,0,0,0,7,6,"West",88933
33679,0,4,0,0,0,0,0,0,1,5,"West",60849
33777,1,1,1,0,4,1,1,1,7,2,"West",111119
33802,1,1,1,0,3,1,1,1,3,4,"West",110525
33906,1,0,1,0,3,1,0,1,2,3,"West",16565
33952,1,0,1,0,4,1,0,1,4,3,"South",20988
34023,2,1,0,1,1,0,1,0,8,5,"North",60766
34064,1,0,1,1,1,1,0,1,9,4,"West",18944
34162,1,0,0,1,4,0,0,0,6,6,"North",10361
34186,1,1,1,0,1,1,1,1,0,6,"East",16862
34209,1,0,1,1,3,1,0,1,8,4,"North",89873
34230,2,0,2,1,1,1,0,0,0,7,"North",NA
34238,1,1,1,1,3,1,1,1,3,5,"North",296808
34345,1,0,1,0,1,1,0,1,2,4,"West",59959
34367,1,1,0,1,3,1,1,0,1,3,"South",136818
34389,1,1,1,0,3,1,1,1,3,6,"South",35250
34481,0,2,0,1,1,1,0,0,7,5,"East",13453
34519,0,1,0,0,5,0,1,0,5,5,"North",60076
34680,1,0,1,1,3,1,0,1,8,6,"South",85922
34702,0,0,1,0,2,1,0,0,6,4,"North",129287
34713,0,1,0,0,5,0,0,0,7,4,"West",NA
34737,1,1,1,1,2,1,1,1,3,4,"North",140349
34759,1,0,1,1,3,1,0,1,6,4,"North",NA
34829,0,1,0,0,4,0,0,0,2,2,"East",NA
34851,0,1,0,1,3,1,1,0,1,9,"West",136968
34887,1,1,1,1,3,1,1,1,1,6,"West",133648
35077,1,0,1,1,1,0,0,0,0,8,"West",10344
35197,1,0,1,0,5,1,0,1,7,6,"North",6341
35244,1,0,0,1,2,0,0,0,1,9,"North",114507
35372,0,1,0,1,3,1,1,0,6,7,"East",81542
35429,0,1,0,1,4,1,0,0,9,8,"North",6108
35443,0,1,0,0,3,0,0,0,1,2,"East",53615
35465,0,1,0,0,3,0,1,0,2,3,"South",80689
35532,0,1,0,0,5,0,0,0,5,4,"North",66407
35732,1,1,1,1,0,1,1,1,6,7,"South",NA
35890,1,0,1,0,2,1,0,1,4,2,"East",46466
35988,0,1,0,0,5,0,1,0,5,5,"North",28929
36010,1,1,1,0,3,1,1,1,3,5,"North",26427
36135,1,1,1,1,2,0,1,0,6,7,"South",35036
36138,0,1,0,0,0,0,0,0,5,7,"East",NA
36238,0,1,0,0,3,0,1,0,6,5,"West",125102
36285,1,0,1,0,4,1,0,1,0,4,"West",45584
36306,1,0,0,1,0,0,0,0,6,4,"West",24189
36321,0,1,0,0,1,0,0,0,3,2,"East",11412
36356,1,1,1,1,1,1,1,1,10,5,"South",16344
36435,1,1,1,1,3,1,1,1,3,4,"South",20504
36475,0,1,0,0,4,0,1,0,7,7,"East",35051
36486,1,0,1,1,5,1,0,1,4,6,"East",73832
36527,1,0,2,1,5,0,0,0,3,4,"East",105329
36645,0,1,1,1,4,1,1,0,9,7,"West",68772
36781,1,0,1,0,3,1,0,1,7,6,"West",NA
36830,1,1,0,1,0,1,1,0,10,6,"West",47438
36852,2,0,0,1,5,1,0,0,6,8,"East",NA
36944,1,0,0,0,3,0,0,0,0,4,"East",59735
36980,0,1,0,0,3,0,0,0,0,7,"North",79960
37027,1,1,0,1,3,1,1,0,4,9,"West",75577
37141,0,1,0,1,5,1,0,0,7,8,"West",72796
37299,1,1,1,1,2,0,1,0,9,8,"North",63164
37348,1,1,1,1,4,1,1,1,2,6,"West",56304
37373,1,1,1,1,2,0,1,0,4,3,"West",1299
37378,1,1,1,1,4,0,1,0,3,2,"South",54534
37476,0,2,0,0,1,0,0,0,6,8,"East",91412
37522,1,0,1,0,1,1,0,1,4,5,"North",NA
37722,1,1,1,0,2,1,1,1,8,8,"East",87667
37754,1,1,1,0,4,1,1,1,7,3,"South",46233
37833,1,1,1,1,1,1,1,1,9,7,"West",279801
37928,0,1,0,0,1,0,0,0,8,5,"South",NA
38021,0,1,0,1,2,1,0,0,6,9,"West",68700
38193,1,1,1,0,2,1,1,1,4,6,"East",47182
38206,1,0,1,0,2,1,0,1,8,3,"East",11569
38342,1,1,1,0,5,1,1,1,4,6,"West",59313
38425,1,1,1,0,0,1,1,1,4,5,"East",82077
38465,1,1,1,0,2,1,1,1,8,8,"East",42929
38517,1,0,1,1,3,1,0,1,2,5,"East",80729
38605,1,0,1,0,2,1,0,1,2,5,"West",57922
38609,0,1,0,1,4,1,0,0,10,9,"East",85307
38640,1,0,1,0,5,1,0,1,8,6,"West",89258
38765,1,1,1,0,2,1,1,1,3,3,"East",92910
38792,1,1,1,0,3,1,1,1,3,8,"West",130580
38874,1,1,1,0,4,1,1,1,5,8,"South",44691
38885,1,0,1,0,5,1,0,1,6,8,"West",12511
38896,1,1,1,1,1,1,1,1,3,6,"South",3168
39084,1,0,1,1,4,1,0,1,8,2,"West",94793
39095,0,1,0,0,2,0,1,0,2,3,"North",4235
39131,0,1,0,0,3,0,0,0,3,2,"North",63523
39282,1,1,1,0,4,1,1,1,6,7,"East",6712
39301,0,1,0,0,0,0,1,0,2,3,"East",125933
39405,1,0,2,1,4,0,0,0,0,4,"South",44875
39441,0,1,0,0,0,0,1,0,1,4,"East",NA
39477,0,1,0,0,0,0,1,0,2,4,"East",49440
39514,1,0,1,0,1,1,0,1,7,6,"West",145661
39801,0,0,1,0,5,0,0,0,8,3,"West",21770
39823,0,1,0,0,3,1,1,0,4,5,"West",31937
39950,0,1,0,1,1,1,1,0,0,7,"West",84189
39994,1,1,1,0,2,1,1,1,3,5,"East",NA
39996,1,1,1,0,2,1,1,1,4,2,"West",68204
40002,0,1,0,0,4,1,1,0,5,3,"South",40544
40155,0,1,0,0,0,1,1,0,3,6,"West",26849
40180,1,0,0,0,3,0,0,0,3,4,"South",10724
40182,0,1,0,0,5,0,1,0,1,5,"North",NA
40274,0,1,0,0,5,0,1,0,6,2,"East",75180
40283,1,0,0,0,1,0,0,0,4,5,"East",122409
40346,0,1,0,0,3,0,1,0,7,3,"North",80837
40482,0,1,0,0,3,0,1,0,7,5,"South",40212
40493,1,0,0,0,4,0,0,0,2,3,"East",32121
40741,1,1,1,1,4,0,1,0,10,5,"South",61626
40828,1,0,1,1,2,1,0,1,3,3,"South",108617
40886,2,1,0,1,4,1,1,0,7,5,"South",33144
40915,2,0,3,1,2,1,0,0,5,5,"East",44114
40989,0,1,0,0,4,0,1,0,4,3,"South",54217
41060,2,0,0,1,2,0,0,0,8,7,"West",145938
41063,1,1,2,1,3,0,1,0,3,7,"South",55103
41071,0,1,0,0,4,0,1,0,1,3,"West",39477
41106,0,1,0,0,4,0,0,0,2,5,"North",40661
41188,1,0,1,0,1,1,0,1,5,7,"South",13010
41242,0,1,0,0,2,0,0,0,5,9,"North",96341
41335,1,0,1,0,3,1,0,1,2,4,"South",1248
41348,1,1,1,0,3,1,1,1,4,8,"North",56247
41392,1,0,1,0,2,1,0,1,3,9,"East",12911
41447,2,0,0,0,1,0,0,0,3,4,"East",54329
41520,1,0,1,0,5,1,0,1,8,8,"West",106427
41607,1,1,1,0,3,1,1,1,7,6,"South",26318
41755,1,0,0,0,4,0,0,0,4,3,"East",56372
41869,0,1,1,1,4,0,1,0,2,9,"East",5233
41929,0,2,0,1,2,1,0,0,10,6,"East",40169
42032,0,0,2,1,5,0,0,0,6,4,"South",6555
42041,1,0,1,1,4,1,0,1,9,6,"East",5788
42076,0,1,0,0,3,0,1,0,3,6,"South",81684
42087,1,1,1,0,0,1,1,1,3,6,"West",41455
42126,1,1,0,1,3,1,1,0,2,8,"North",4910
42272,1,1,1,0,5,1,1,1,1,7,"West",137584
42299,1,0,1,0,5,1,0,1,5,4,"East",35144
42308,0,1,0,0,3,0,1,0,4,7,"West",NA
42444,1,0,1,1,1,1,0,1,6,4,"South",74764
42599,1,0,1,1,2,1,0,1,5,8,"West",NA
42629,2,0,0,0,3,0,0,0,4,7,"East",50751
42646,2,1,3,1,5,1,1,0,7,8,"South",9196
42649,1,0,1,0,3,1,0,1,2,2,"West",24463
42665,1,0,1,1,4,1,0,1,6,5,"North",NA
42673,0,1,0,0,0,0,1,0,5,6,"West",38482
42681,1,1,2,1,4,1,1,0,10,7,"North",67840
42782,0,1,0,0,4,0,0,0,3,4,"West",67171
42804,1,0,1,0,3,1,0,1,2,3,"South",16615
42807,1,0,1,1,3,1,0,1,9,5,"North",66076
42815,1,1,1,1,3,1,1,1,8,6,"East",29863
42918,0,2,0,0,1,0,0,0,8,6,"West",62957
42975,1,1,1,0,2,1,1,1,2,3,"East",35879
43117,0,1,0,1,1,1,1,0,1,8,"West",35238
43128,0,1,0,0,1,0,1,0,1,7,"North",66451
43150,0,1,0,0,2,0,0,0,2,4,"North",99368
43178,0,1,0,0,2,0,1,0,5,4,"North",47807
43264,1,1,1,0,4,1,1,1,5,4,"North",34964
43357,1,0,1,0,2,1,0,1,7,7,"North",43373
43507,1,1,1,0,3,1,1,1,5,6,"South",71634
43521,1,1,1,1,3,0,1,0,5,7,"East",26128
43529,1,0,1,0,2,1,0,1,0,6,"South",122310
43539,0,1,0,0,0,0,0,0,3,7,"South",61584
43564,1,2,1,1,4,1,0,1,2,7,"South",64328
43682,1,1,1,0,1,1,1,1,2,2,"North",20467
43856,1,1,1,0,4,1,1,1,3,4,"South",160459
43970,1,0,1,0,4,1,0,1,4,8,"West",51875
44008,1,1,1,0,2,1,1,1,4,6,"South",39526
44183,1,0,1,0,3,1,0,1,1,7,"East",55016
44232,1,1,1,1,1,1,1,1,2,5,"East",78526
44327,1,1,1,1,1,1,1,1,8,9,"North",16130
44425,0,1,0,0,1,0,1,0,2,6,"East",54969
44573,1,1,1,0,3,1,1,1,5,2,"North",13219
44597,0,1,0,0,3,0,1,0,4,5,"West",32345
44676,0,1,0,0,2,0,1,0,3,8,"West",29291
44744,1,1,1,1,3,1,1,1,2,9,"North",37674
44804,1,1,1,0,4,1,1,1,2,5,"West",22497
44872,1,1,1,1,3,1,1,1,1,4,"West",22223
44935,0,1,0,0,3,0,1,0,2,2,"South",71650
45113,0,1,0,0,2,0,1,0,6,9,"South",167013
45115,0,1,0,0,4,0,0,0,5,3,"North",NA
45450,0,1,0,1,3,1,0,0,7,7,"South",71630
45592,0,1,0,0,1,0,1,0,2,3,"South",67046
45627,1,1,0,1,3,0,1,0,7,7,"North",32855
45660,2,1,2,1,4,0,1,0,8,6,"North",45885
45728,0,1,0,0,3,0,0,0,4,4,"South",5873
45935,1,0,0,1,5,0,0,0,8,4,"North",60623
45989,1,1,1,0,4,1,1,1,6,2,"West",86842
46143,1,1,1,1,1,1,1,1,1,4,"East",73012
46159,0,1,0,0,5,0,1,0,7,6,"West",1299
46167,1,0,1,1,5,0,0,0,5,5,"West",59356
46183,0,1,0,0,3,0,0,0,0,3,"North",10775
46270,1,0,0,0,1,0,0,0,5,7,"South",69274
46355,1,0,2,1,3,1,0,0,2,6,"West",34123
46357,1,0,1,0,3,1,0,1,0,8,"North",NA
46644,0,1,0,0,1,0,1,0,7,5,"South",91475
46682,1,1,1,1,3,1,1,1,8,3,"East",63670
46862,0,1,0,0,2,0,1,0,3,4,"South",92387
46864,0,1,0,1,2,1,0,0,1,3,"North",64822
46889,0,2,0,0,0,0,1,0,7,8,"East",1605
47175,1,0,1,0,4,1,0,1,3,8,"North",78562
47262,1,1,1,1,4,1,1,1,4,2,"West",50805
47426,1,0,1,0,3,1,0,1,2,5,"South",NA
47521,1,1,1,1,3,1,1,1,10,8,"West",13693
47532,1,0,1,0,3,1,0,1,8,5,"East",1777
47568,0,1,0,0,5,0,0,0,1,8,"East",42369
47745,1,0,1,1,1,1,0,1,1,5,"South",NA
47878,0,1,0,0,4,0,0,0,1,2,"East",77417
47900,0,1,0,0,1,0,1,0,3,4,"South",78826
47911,1,0,1,1,3,1,0,1,8,4,"South",2783
47922,0,1,0,0,4,0,0,0,7,8,"North",24356
48104,2,1,2,1,0,1,1,0,6,8,"East",46240
48124,1,0,1,1,4,1,0,1,3,3,"East",48350
48216,1,1,1,1,4,1,1,1,5,5,"South",127880
48423,0,1,0,0,0,0,1,0,7,3,"West",69611
48617,1,1,1,0,4,1,1,1,6,3,"South",40486
48622,0,1,0,0,3,0,1,0,6,6,"East",45715
48647,0,1,0,0,3,0,1,0,4,8,"South",8544
48805,0,1,0,0,3,0,0,0,2,5,"North",141835
48919,0,1,0,1,3,1,0,0,3,6,"North",176494
48979,0,1,0,1,3,1,1,0,2,5,"North",78380
49088,0,1,0,0,2,0,1,0,5,4,"South",41768
49162,0,1,0,0,1,0,1,0,8,6,"West",39995
49265,0,1,0,0,0,0,1,0,6,8,"East",23605
49290,0,1,0,1,4,1,1,0,9,9,"West",126508
49309,0,1,0,0,4,0,0,0,2,7,"East",36065
49451,0,1,0,1,4,1,1,0,3,6,"South",15367
49570,1,0,1,0,4,1,0,1,4,7,"South",1058
49636,1,0,0,0,4,0,0,0,7,9,"West",NA
49644,1,1,1,1,2,1,1,1,3,9,"East",18298
49772,1,0,0,0,3,0,0,0,3,2,"North",7770
49819,0,0,1,0,3,0,0,0,4,4,"North",27555
49870,1,1,1,1,5,0,1,0,3,3,"North",38567
49884,1,0,1,1,4,0,0,0,5,5,"North",46197
49890,0,0,1,0,5,0,0,0,0,5,"East",31840
49969,1,0,1,1,1,1,0,1,6,9,"North",142357
49982,1,1,1,0,1,1,1,1,2,7,"East",120881
50129,1,0,1,0,3,1,0,1,8,9,"East",77880
50168,0,1,0,1,0,1,1,0,9,3,"North",43947
50192,0,1,0,0,0,0,1,0,2,2,"East",20250
50197,0,1,0,0,2,1,0,0,8,6,"West",23994
50200,0,1,0,0,1,1,1,0,0,6,"East",79678
50304,1,1,1,1,0,0,1,0,2,6,"North",94184
50380,0,1,0,0,2,1,1,0,1,2,"North",53384
50405,2,0,3,1,4,0,0,0,5,5,"North",80627
50429,1,1,1,0,1,1,1,1,3,3,"South",89591
50514,0,1,0,0,5,0,1,0,5,6,"West",35195
50737,0,1,0,0,1,0,0,0,5,2,"East",95219
50882,1,0,1,0,3,1,0,1,6,8,"West",NA
50915,1,1,0,1,5,0,1,0,6,9,"West",61749
50920,1,1,1,1,1,1,1,0,7,4,"West",40611
50950,0,1,0,0,4,0,0,0,6,6,"West",67451
51066,1,1,1,0,1,1,1,1,3,6,"West",NA
51244,1,0,0,1,3,1,0,0,0,6,"West",57949
51253,0,1,0,0,0,0,1,0,2,4,"East",NA
51484,2,3,2,1,1,1,0,0,6,6,"West",14591
51555,0,1,0,1,2,1,1,0,1,8,"South",52142
51566,1,1,1,0,4,1,1,1,2,6,"South",45174
51642,0,1,0,0,4,0,1,0,5,3,"North",NA
51715,1,0,1,1,3,1,0,1,7,6,"East",50000
52061,1,0,1,1,1,1,0,1,1,9,"East",68241
52291,1,0,1,0,1,1,0,1,0,7,"North",56924
52318,1,0,0,1,2,1,0,0,7,5,"West",70218
52407,0,1,0,0,2,0,0,0,3,8,"North",22496
52429,0,1,0,0,2,0,1,0,1,5,"East",119068
52495,1,2,1,0,0,0,1,0,8,7,"South",187971
52640,0,1,0,0,5,0,1,0,2,3,"East",16179
52653,1,1,1,0,3,1,1,1,5,6,"South",141097
52677,1,1,1,0,2,1,1,1,6,7,"North",88722
52765,1,1,1,1,2,1,1,1,10,7,"South",72020
52824,1,0,1,0,5,1,0,1,5,5,"South",66352
52852,1,1,1,0,1,1,1,1,0,7,"East",174112
52999,1,1,1,0,0,1,1,1,6,6,"North",11604
53002,1,0,1,0,3,1,0,1,2,9,"North",8481
53190,1,0,0,1,3,1,0,0,9,9,"East",8166
53334,1,1,1,1,5,0,1,0,6,4,"North",117058
53413,4,2,0,1,2,0,0,0,7,8,"North",64694
53459,1,0,1,0,3,1,0,1,2,3,"North",39918
53552,2,1,0,1,3,0,1,0,9,4,"East",52105
53553,1,1,1,0,1,1,1,1,7,8,"West",103588
53683,1,1,1,1,0,0,1,0,1,4,"West",10695
53735,0,1,0,0,3,0,1,0,4,3,"West",86887
53759,1,0,1,0,4,1,0,1,1,6,"North",219171
53760,1,0,1,0,3,1,0,1,1,4,"East",6829
53882,2,2,2,1,4,0,0,0,3,3,"West",47288
54027,0,1,0,0,5,0,1,0,2,9,"North",40854
54056,2,1,2,1,4,0,1,0,3,7,"North",33585
54073,0,1,0,0,4,0,1,0,0,9,"South",36945
54106,0,1,0,0,5,0,1,0,5,3,"West",14817
54163,1,0,1,0,1,1,0,1,2,7,"South",102011
54174,1,0,1,0,2,1,0,1,5,4,"East",27114
54212,0,1,0,0,2,0,1,0,3,5,"North",71664
54223,1,1,1,1,2,1,1,1,2,9,"West",27295
54253,0,1,0,0,2,0,0,0,4,6,"West",26586
54373,0,1,0,1,2,1,1,0,9,7,"West",75301
54427,1,1,1,1,2,1,1,1,6,6,"South",57646
54580,1,0,1,1,3,1,0,1,1,6,"South",8458
54597,0,1,0,0,3,0,1,0,4,4,"South",9222
54605,1,1,1,1,2,1,1,1,9,5,"South",44578
54708,0,1,0,0,4,0,1,0,1,4,"South",47787
54765,1,1,1,1,0,1,1,1,3,3,"South",117844
54868,1,0,1,0,2,1,0,1,2,6,"North",NA
54947,1,0,0,1,2,1,0,0,4,5,"East",27387
54989,0,1,0,0,2,0,1,0,3,2,"South",11432
55225,1,0,1,0,3,1,0,1,6,5,"South",163143
55667,0,1,0,0,2,0,1,0,3,5,"North",103701
55814,0,1,0,0,4,0,1,0,2,5,"South",48080
56043,1,1,1,1,2,1,1,1,8,3,"East",89541
56117,0,1,0,1,0,1,1,0,3,7,"West",48476
56169,1,0,1,1,1,1,0,1,7,5,"North",20524
56316,1,1,1,0,3,1,1,1,8,5,"South",22048
56338,1,0,1,0,3,1,0,1,1,7,"South",20997
56341,1,0,1,0,1,1,0,1,6,3,"South",NA
56365,0,1,0,0,2,0,0,0,2,2,"South",57933
56400,1,2,1,1,3,1,0,1,10,4,"East",9751
56553,1,0,1,0,4,1,0,1,6,3,"South",47982
56724,1,0,1,1,4,1,0,1,8,4,"South",147475
56809,0,1,0,0,0,0,1,0,1,3,"South",NA
56877,0,1,0,0,3,0,1,0,2,2,"West",107256
56880,1,0,1,1,2,1,0,1,1,5,"East",150776
57041,1,1,0,1,1,1,1,0,4,8,"North",100216
57055,0,1,0,1,2,1,1,0,10,8,"North",67626
57092,0,1,0,0,2,0,1,0,2,2,"North",99754
57215,0,1,0,0,1,0,0,0,5,8,"West",NA
57526,1,0,1,1,1,1,0,1,1,4,"South",NA
57542,0,1,0,0,4,0,1,0,6,8,"North",74058
57564,0,1,0,0,4,0,0,0,2,6,"South",70448
57572,1,0,1,1,1,1,0,1,8,4,"West",2765
57588,1,1,1,0,4,1,1,1,3,3,"North",31070
57678,0,1,0,0,5,0,0,0,2,8,"East",67810
57714,0,1,0,0,4,0,1,0,8,6,"West",9815
57728,0,1,0,1,0,1,1,0,1,7,"South",20869
57746,0,1,0,0,2,0,1,0,3,7,"West",60859
57853,1,1,1,0,1,1,1,1,5,7,"East",58500
57921,1,0,1,0,2,1,0,1,1,4,"South",6383
58082,1,1,1,1,1,1,1,1,2,8,"East",34037
58106,0,1,0,0,3,0,1,0,5,6,"South",51574
58109,0,1,0,1,2,1,1,0,6,8,"North",49678
58117,1,0,1,0,2,1,0,1,6,6,"South",103822
58281,1,0,1,0,4,1,0,1,4,3,"South",12419
58298,1,1,1,1,2,0,1,0,3,9,"North",31689
58300,1,0,1,0,3,1,0,1,5,3,"East",2301
58319,1,0,2,1,1,0,0,0,5,7,"East",51673
58384,1,0,1,0,2,1,0,1,2,3,"West",39093
58463,0,1,1,1,4,1,1,0,3,7,"East",26461
58466,1,0,1,1,5,0,0,0,3,3,"West",155435
58485,1,0,1,0,3,1,0,1,5,5,"West",15552
58624,1,1,1,1,1,1,1,1,2,5,"North",125603
58766,1,0,0,0,2,0,0,0,8,6,"East",1443
58804,1,0,0,0,5,0,0,0,0,5,"North",13530
58810,1,1,1,0,1,1,1,1,5,5,"West",70341
58850,1,1,1,0,5,1,1,1,6,7,"East",171642
58951,1,0,0,0,5,0,0,0,2,2,"North",10503
58973,1,1,1,1,2,1,1,1,0,5,"West",68985
59332,0,2,0,0,1,0,0,0,2,6,"East",41175
59347,1,1,0,1,1,0,1,0,4,4,"North",1247
59524,1,0,1,1,3,1,0,1,9,5,"North",114236
59665,0,1,0,0,4,0,0,0,5,3,"East",87502
59965,0,1,0,0,5,0,0,0,4,4,"East",21138
60003,1,0,0,0,3,0,0,0,2,3,"East",42233
60055,1,0,1,0,4,1,0,1,8,8,"North",31434
60068,0,1,0,0,1,0,1,0,8,4,"South",29586
60164,0,1,0,1,1,1,1,0,8,5,"North",42786
60243,1,0,1,1,4,1,0,1,1,2,"East",160470
60352,1,0,1,0,3,1,0,1,6,5,"East",79989
60382,1,0,0,1,3,0,0,0,7,6,"South",62910
60499,0,0,2,1,2,1,0,0,4,7,"East",39811
60524,0,1,0,0,1,0,0,0,7,5,"West",NA
60553,0,1,0,0,4,0,1,0,3,4,"West",5171
60788,2,1,2,1,2,1,1,0,8,8,"West",49816
60796,1,0,0,0,4,0,0,0,4,6,"South",32970
60968,1,1,1,1,2,1,0,1,1,8,"West",32814
61115,1,0,1,0,3,1,0,1,2,4,"East",30946
61145,2,4,0,1,0,1,0,0,2,6,"West",15304
61202,1,0,2,1,1,1,0,0,0,7,"North",31431
61240,0,1,0,0,4,0,0,0,3,9,"North",152257
61289,1,0,1,1,0,1,0,1,7,8,"North",57752
61368,1,1,1,0,4,1,1,1,2,4,"North",116668
61412,0,1,0,0,4,0,1,0,8,4,"North",112733
61459,1,0,0,1,5,1,0,0,6,6,"North",NA
61480,1,0,1,1,2,1,0,1,7,8,"North",181106
61671,1,0,1,0,3,1,0,1,7,9,"East",25789
61780,1,0,1,1,4,1,0,1,7,3,"South",2167
61829,0,1,0,0,2,1,0,0,2,6,"West",116125
61837,1,0,1,0,3,1,0,1,3,4,"South",124349
62003,0,1,0,0,3,1,1,0,3,8,"South",112991
62254,1,0,1,1,1,1,0,1,3,5,"South",40179
62322,1,0,1,1,0,1,0,1,6,2,"West",20939
62486,1,1,1,0,3,1,1,1,7,3,"South",37451
62510,1,2,0,1,3,0,0,0,7,7,"North",102941
62600,1,0,1,0,2,1,0,1,6,5,"West",29311
62611,1,0,0,0,3,0,0,0,7,6,"North",87734
62693,1,1,1,0,2,1,1,1,2,3,"South",64592
63145,1,1,1,0,5,1,1,1,1,7,"North",88805
63170,1,0,0,0,3,0,0,0,2,9,"South",24593
63192,1,0,1,0,3,1,0,1,1,4,"East",19473
63203,0,1,0,0,0,1,1,0,2,3,"North",48821
63306,1,0,1,0,4,1,0,1,4,7,"North",NA
63397,0,1,0,0,0,0,1,0,4,5,"West",25986
63663,1,0,1,0,0,1,0,1,8,7,"East",23923
63758,1,0,1,0,4,1,0,1,2,7,"West",11985
63769,1,1,1,0,1,1,1,1,5,2,"North",69075
63865,1,0,0,1,5,0,0,0,7,7,"West",23965
63955,1,1,1,0,2,1,1,1,1,3,"West",NA
64058,0,1,0,0,1,0,1,0,8,3,"South",NA
64246,1,0,1,0,5,1,0,1,4,4,"West",41353
64249,0,1,0,0,0,0,1,0,3,8,"South",101926
64358,1,0,2,1,2,1,0,0,8,4,"North",8771
64369,0,1,0,0,5,0,1,0,6,8,"North",67938
64372,1,1,1,0,4,1,1,1,6,5,"East",58800
64467,0,1,0,0,4,0,1,0,2,6,"East",34660
64532,1,1,1,0,2,1,1,1,8,8,"North",99680
64609,1,1,1,0,0,1,1,1,3,8,"North",22755
64620,1,1,1,1,2,1,0,0,1,4,"North",51991
64778,1,1,1,1,3,1,1,1,8,4,"West",100777
64808,0,1,0,0,2,0,1,0,6,4,"East",46328
64917,0,1,0,0,2,0,0,0,0,6,"South",24046
65134,1,1,0,1,1,1,1,0,4,4,"North",48000
65152,1,1,1,0,2,1,1,1,1,7,"South",79964
65246,1,0,1,1,4,1,0,1,4,6,"North",113295
65296,0,1,0,1,1,1,1,0,8,4,"South",69782
65606,1,1,1,1,3,1,1,1,1,5,"East",24594
65816,1,0,1,0,1,1,0,1,1,6,"South",34142
65838,0,1,0,0,2,0,1,0,7,6,"North",93535
65963,0,1,0,0,1,0,1,0,2,3,"South",26245
66151,1,0,1,0,1,1,0,1,3,7,"East",92265
66162,1,1,1,1,2,1,1,1,3,3,"East",138783
66200,1,1,1,0,1,1,1,1,3,4,"East",42538
66225,2,1,2,1,1,1,1,0,3,2,"East",68187
66383,0,1,0,1,4,1,1,0,1,6,"South",56005
66519,0,0,1,0,2,0,0,0,2,5,"West",97327
66555,1,1,1,1,3,1,1,1,9,5,"West",32194
66596,0,1,0,0,1,0,0,0,4,2,"West",23603
66707,0,1,0,0,2,0,1,0,8,8,"East",27664
66868,1,0,1,0,0,1,0,1,2,7,"South",54410
66920,1,1,1,0,2,1,1,1,3,8,"North",68049
67015,1,0,1,1,1,1,0,1,2,6,"West",14698
67043,0,1,0,1,3,1,1,0,6,8,"East",84706
67062,1,1,1,1,5,1,1,1,1,5,"East",115134
67076,0,1,0,1,4,1,1,0,3,6,"North",60584
67206,1,1,1,0,0,1,1,1,1,6,"South",28434
67242,1,1,1,1,5,1,1,1,4,8,"East",37619
67247,1,0,1,0,2,1,0,1,7,5,"West",53699
67285,1,1,1,0,3,1,1,1,8,5,"East",38513
67411,1,1,1,0,3,1,1,1,2,5,"South",NA
67462,1,0,1,1,3,1,0,1,2,5,"West",66597
67468,0,1,0,0,2,0,1,0,3,9,"West",43509
67596,0,1,0,0,2,0,1,0,1,6,"South",NA
67909,1,0,1,0,5,1,0,1,3,8,"North",38093
68048,1,0,1,1,3,1,0,1,8,6,"North",47654
68114,1,0,1,0,1,1,0,1,0,9,"East",42767
68301,2,2,1,1,1,1,1,1,8,8,"East",50304
68351,1,1,1,0,5,1,1,1,6,6,"East",50820
68402,1,0,1,0,4,1,0,1,2,3,"South",33937
68441,1,0,0,0,3,0,0,0,5,5,"West",79231
68689,0,1,0,0,5,0,0,0,5,9,"North",22968
68708,1,0,1,0,3,1,0,1,7,3,"North",84785
68789,1,0,0,1,0,1,0,0,2,4,"West",86269
68820,1,1,0,1,1,1,1,0,2,5,"East",73547
68961,1,0,1,0,4,1,0,1,7,8,"South",101358
69005,0,1,0,1,3,1,0,0,5,5,"East",32415
69122,0,2,0,0,4,0,0,0,3,4,"East",22154
69212,1,0,1,1,3,1,0,1,6,6,"South",22364
69293,0,1,0,1,2,1,1,0,4,2,"South",32702
69354,1,0,0,1,4,1,0,0,1,6,"East",149172
69528,0,2,0,1,1,1,0,0,4,4,"North",12992
69678,1,1,1,1,2,0,1,0,9,6,"West",22587
69702,0,1,0,0,1,0,1,0,3,8,"East",23424
69850,1,0,0,0,5,0,0,0,7,4,"East",22876
69861,0,1,0,0,5,0,0,0,4,7,"North",7020
69890,1,0,1,1,1,0,0,0,1,5,"East",49000
70117,1,1,1,0,5,1,1,1,8,6,"East",73063
70160,1,1,1,0,1,1,1,1,3,7,"South",108167
70233,0,1,0,1,3,1,0,0,5,5,"West",26098
70247,0,1,0,0,4,0,0,0,8,3,"South",135602
70334,0,1,0,0,4,0,0,0,2,6,"East",13046
70402,1,0,1,0,4,1,0,1,3,9,"West",34006
70428,1,0,1,0,4,1,0,1,2,3,"North",65876
70455,1,0,1,1,5,1,0,1,8,6,"West",48272
70588,0,1,0,0,3,0,1,0,1,2,"East",24420
70613,0,1,0,0,1,0,1,0,4,3,"West",47538
70948,1,0,1,0,1,1,0,1,8,9,"North",40295
70956,1,0,1,0,0,1,0,1,7,4,"West",NA
70983,0,0,1,0,2,0,0,0,1,6,"South",7040
71049,1,1,1,1,5,1,1,1,6,8,"West",93698
71060,0,1,0,0,1,0,1,0,4,4,"South",93021
71277,1,1,1,0,3,1,1,1,0,5,"East",62773
71313,2,0,1,0,1,0,0,0,1,5,"South",87481
71607,1,0,0,0,0,0,0,0,1,2,"West",47418
71632,0,1,0,0,4,0,0,0,4,3,"East",11033
71675,0,1,0,0,1,0,1,0,3,4,"North",23782
71684,1,1,1,0,3,1,1,1,6,2,"North",111387
71754,1,1,1,0,1,1,1,1,7,4,"East",124366
71989,1,0,1,1,3,1,0,1,5,2,"East",17244
72005,0,1,0,1,1,1,0,0,6,2,"East",67688
72128,1,1,1,1,1,1,1,1,1,8,"East",104250
72221,2,2,0,1,3,0,0,0,7,6,"South",25143
72311,0,1,0,0,2,0,1,0,2,7,"East",107907
72449,0,1,0,0,0,0,1,0,4,4,"East",38262
72517,1,1,1,1,2,1,1,1,7,9,"East",53592
72537,0,1,0,0,3,0,1,0,8,5,"East",56396
72567,1,1,1,0,3,1,1,1,4,7,"East",40086
72727,1,0,1,0,4,1,0,1,8,8,"West",29264
72880,1,1,0,1,0,1,1,0,8,3,"East",NA
72889,1,0,1,0,1,1,0,1,3,4,"West",2038
73062,2,1,0,1,1,1,1,0,6,9,"East",169710
73216,1,0,1,1,2,1,0,1,4,9,"West",18303
73218,1,2,2,1,1,1,0,0,0,7,"East",19658
73245,0,1,1,0,2,0,0,0,5,3,"North",81053
73338,0,2,0,0,5,0,0,0,1,5,"East",6655
73441,1,0,1,0,5,1,0,1,3,2,"West",73015
73584,2,1,3,1,4,1,1,0,2,5,"East",82873
73709,1,0,1,0,3,1,0,1,6,4,"West",21861
73761,1,0,0,1,4,1,0,0,10,6,"East",88201
73763,0,1,0,0,5,0,0,0,5,8,"North",10740
73807,1,1,1,0,4,1,1,1,0,8,"North",107619
73965,1,0,1,1,3,0,0,0,2,6,"South",72532
74079,0,0,1,1,4,1,0,0,9,3,"North",109031
74112,1,0,0,1,1,1,0,0,5,6,"East",180543
74139,1,1,1,0,5,1,1,1,5,2,"West",NA
74254,0,1,0,0,2,0,1,0,2,6,"South",81053
74276,1,1,1,0,5,1,1,1,2,3,"South",41519
74449,1,0,1,1,3,1,0,1,5,4,"South",11708
74589,0,1,0,1,0,1,1,0,1,4,"West",156919
74600,1,1,1,1,2,1,1,1,9,7,"East",26514
74638,1,1,1,1,5,1,1,1,3,7,"South",54328
74644,1,1,1,0,2,1,1,1,0,6,"East",79206
74662,0,1,0,0,3,0,1,0,5,5,"North",71357
74676,0,2,0,0,1,0,0,0,4,5,"South",53676
74763,1,0,1,0,1,1,0,1,2,5,"North",25645
74829,2,0,1,0,3,0,0,0,6,8,"East",8396
74850,1,1,1,0,2,1,1,1,8,9,"North",85597
74957,1,1,1,1,2,1,1,1,8,5,"West",46325
75167,0,1,0,0,5,0,0,0,1,9,"North",129829
75191,2,1,3,1,0,0,1,0,8,8,"North",50565
75444,1,0,0,0,5,0,0,0,2,6,"South",102017
75505,1,0,1,1,4,1,0,1,10,8,"East",51254
75671,1,1,1,1,3,1,1,0,7,3,"West",36900
75684,1,0,0,0,3,0,0,0,1,3,"East",15724
75685,1,0,0,0,0,0,0,0,2,5,"West",58323
75695,0,1,0,1,4,1,1,0,0,3,"East",95563
75878,2,1,4,1,3,1,1,0,1,5,"East",15968
76001,0,1,0,0,1,0,1,0,4,8,"East",NA
76145,1,0,1,1,1,1,0,1,8,4,"West",151680
76213,1,1,1,0,1,1,1,1,4,8,"West",82341
76262,3,2,0,1,4,1,0,0,3,6,"South",47569
76395,1,1,0,1,5,1,1,0,8,6,"East",39610
76428,1,1,0,0,4,1,1,0,3,8,"North",19186
76578,2,0,0,1,1,1,0,0,10,8,"North",54525
76726,0,1,0,0,1,0,0,0,6,8,"East",21892
76753,1,0,1,1,4,1,0,1,8,4,"West",88814
76840,0,1,0,0,3,0,1,0,4,3,"West",74412
76842,2,0,0,0,3,0,0,0,8,3,"North",NA
76935,0,1,0,0,4,0,0,0,2,3,"West",21428
77036,1,0,0,1,4,1,0,0,1,3,"South",87435
77050,1,0,1,0,5,1,0,1,3,2,"South",54383
77082,0,1,0,0,1,0,0,0,2,8,"North",7202
77189,0,1,0,0,2,0,0,0,6,4,"West",25831
77317,1,1,1,0,0,1,1,1,7,5,"South",28460
77399,1,0,0,0,2,0,0,0,2,4,"South",91960
77592,0,0,1,1,4,1,0,0,6,8,"South",44099
77649,1,1,1,0,5,1,1,1,1,3,"East",103186
77658,1,1,1,1,5,1,1,1,5,7,"West",46879
77780,0,1,0,0,2,0,0,0,8,4,"North",27410
77791,1,1,1,0,3,1,1,1,3,2,"West",30066
77930,1,0,1,0,2,1,0,1,2,5,"North",51424
77993,1,0,1,0,4,1,0,1,4,4,"West",19646
78102,0,1,0,0,3,0,0,0,5,2,"East",23209
78140,1,2,0,1,0,1,1,0,6,5,"East",119403
78276,1,1,1,0,4,1,1,1,1,6,"North",67918
78309,1,0,1,1,5,1,0,1,4,5,"East",87568
78320,1,1,1,0,4,1,1,1,6,5,"North",23000
78366,1,1,0,1,1,1,1,0,8,8,"East",7071
78374,1,4,1,1,2,1,0,1,5,5,"North",46467
78671,0,2,0,0,2,0,0,0,4,5,"East",32713
78693,0,1,0,0,3,0,1,0,3,3,"South",10339
78840,0,1,0,0,1,0,1,0,2,7,"East",50023
78884,3,0,3,1,2,1,0,0,6,6,"West",9524
78892,1,0,2,1,3,1,0,1,10,7,"West",98341
79001,0,1,0,0,3,0,1,0,3,4,"West",105566
79026,1,0,1,1,1,1,0,1,3,6,"West",5916
79031,1,1,1,1,2,1,1,1,8,5,"South",60373
79385,0,1,0,0,1,0,1,0,2,4,"East",2622
79486,1,1,1,1,1,1,1,1,1,5,"East",36535
79489,1,0,1,0,1,1,0,1,8,5,"East",30302
79685,1,1,1,0,2,1,1,1,3,3,"South",53757
79775,1,1,1,1,2,1,1,1,2,8,"South",56027
80034,0,1,0,1,1,0,0,0,10,6,"West",127264
80064,1,1,1,1,2,1,1,1,6,4,"East",35155
80192,1,0,1,1,4,1,0,1,0,7,"South",33501
80206,1,0,1,1,1,0,0,0,8,4,"West",106232
80391,1,0,0,1,1,0,0,0,5,8,"West",NA
80427,1,1,1,1,2,0,1,0,5,7,"West",87248
80443,0,1,0,1,0,1,1,0,6,5,"West",107556
80601,1,1,1,0,3,1,1,1,4,7,"North",3708
80625,1,0,1,0,5,1,0,1,6,4,"East",21106
80748,1,0,1,0,2,1,0,1,7,4,"West",61488
80784,1,1,1,0,2,1,1,1,3,6,"South",38842
80808,3,1,3,1,2,0,1,0,1,7,"West",24132
81015,1,1,1,0,4,1,1,1,2,2,"South",52551
81023,1,1,1,1,3,1,1,1,4,9,"North",67171
81121,2,0,0,0,4,0,0,0,6,6,"North",85009
81255,1,0,1,1,2,1,0,1,7,8,"West",20104
81473,1,1,1,0,4,1,1,1,6,8,"North",44707
81533,1,0,1,0,0,1,0,1,6,7,"South",24727
81648,0,1,0,0,2,0,0,0,3,8,"North",39249
81655,1,0,1,0,2,1,0,1,0,9,"North",53912
81775,0,1,0,0,3,0,1,0,1,3,"South",55609
81800,1,0,1,0,5,1,0,1,1,3,"North",40214
81827,1,1,1,0,2,1,1,1,2,4,"West",54419
81830,1,1,1,0,3,1,1,1,4,3,"West",105303
81871,1,0,1,1,4,1,0,1,9,5,"North",150983
81950,0,1,0,1,5,1,1,0,0,7,"North",57570
81974,1,1,1,0,2,1,1,1,0,6,"West",70582
82121,1,1,1,1,1,0,1,0,10,5,"South",53000
82173,1,0,1,0,1,1,0,1,1,3,"South",NA
82200,1,1,1,0,3,1,1,1,0,3,"East",12795
82383,1,0,1,1,2,1,0,1,9,7,"East",45782
82394,1,1,1,0,4,1,1,1,6,3,"North",95940
82399,0,1,0,0,4,0,0,0,8,8,"North",6671
82506,1,1,1,0,2,1,1,1,6,2,"West",75928
82517,0,1,0,0,3,0,0,0,3,3,"East",4345
82530,0,1,0,0,1,0,0,0,3,6,"South",44016
82539,1,0,1,0,3,1,0,1,3,5,"South",139850
82568,1,1,1,0,4,1,1,1,6,4,"West",25816
82713,2,2,2,1,1,0,1,0,7,5,"East",78759
82740,1,1,1,1,3,1,1,1,4,6,"North",280868
82816,1,1,1,0,4,1,1,1,3,5,"West",120707
82887,1,2,0,1,5,0,0,0,5,6,"South",149027
82901,1,0,1,1,0,0,0,0,5,6,"East",55318
82934,1,0,0,1,1,0,0,0,10,2,"West",NA
82945,1,1,1,0,2,1,1,1,2,2,"North",75718
83026,1,0,1,1,3,1,0,1,3,3,"South",15011
83037,1,1,1,0,0,1,1,1,1,4,"West",100914
83062,0,1,0,0,0,0,1,0,3,9,"East",34323
83291,1,0,1,0,1,1,0,1,5,4,"South",NA
83394,1,0,1,1,5,1,0,1,5,2,"South",86244
83533,1,0,0,0,4,0,0,0,7,5,"East",16854
83817,1,0,1,1,1,1,0,1,6,5,"South",60885
83890,1,0,0,0,1,0,0,0,2,4,"West",55582
84122,2,2,2,1,3,1,1,1,3,3,"East",65161
84334,1,0,1,1,0,1,0,1,9,6,"South",41604
84466,1,1,1,0,2,1,1,1,7,4,"West",16380
84471,1,0,0,0,5,0,0,0,7,6,"West",96405
84479,1,0,1,1,4,1,0,1,9,3,"South",53387
84498,0,1,0,0,3,0,1,0,3,2,"West",26631
84574,0,1,0,0,2,0,0,0,4,5,"East",110094
84582,1,0,1,0,0,1,0,1,4,8,"West",9027
84596,0,1,0,1,0,0,1,0,7,4,"South",41055
84665,0,1,0,0,3,0,1,0,3,2,"East",26978
84858,2,1,3,1,2,0,1,0,9,5,"North",135621
84866,0,1,0,0,5,0,1,0,7,6,"East",835
84931,0,1,0,0,5,0,1,0,7,8,"East",16531
85032,1,0,1,0,3,1,0,1,1,4,"North",14970
85046,1,1,2,1,2,0,1,0,5,6,"North",19737
85163,1,1,1,1,4,1,1,1,3,2,"West",47920
85198,1,0,1,0,0,1,0,1,0,9,"South",63825
85277,0,1,0,0,2,0,1,0,7,8,"North",16117
85345,0,1,0,1,1,1,0,0,1,4,"East",33520
85474,0,2,0,0,3,0,0,0,4,2,"North",21783
85487,1,1,1,1,1,0,1,0,8,4,"South",23906
85626,0,1,2,1,3,1,1,0,1,5,"North",NA
85710,0,1,0,1,3,1,1,0,10,6,"North",11693
85836,0,1,0,1,0,1,1,0,6,9,"East",50189
85866,1,1,1,1,4,0,1,0,9,5,"West",128729
85890,1,0,1,1,5,1,0,1,2,2,"South",117776
86065,1,0,1,0,4,1,0,1,1,8,"North",87201
86073,1,1,1,1,0,1,1,1,2,2,"South",41184
86275,1,0,1,1,1,1,0,1,8,7,"West",55179
86408,0,1,0,0,3,0,1,0,6,3,"North",NA
86430,1,1,1,0,3,1,1,1,7,2,"North",25806
86526,1,0,0,0,1,0,0,0,3,8,"North",11575
86583,0,1,0,0,1,0,1,0,0,6,"East",19414
86624,2,0,0,0,4,0,0,0,8,6,"South",99381
86743,1,0,1,0,3,1,0,1,0,5,"West",141770
86790,1,0,1,0,1,1,0,1,2,2,"East",102341
86874,0,1,0,1,1,1,1,0,9,7,"West",46224
86948,1,0,1,1,4,1,0,1,8,5,"West",NA
87106,0,1,0,0,3,0,1,0,6,8,"North",87283
87245,1,0,0,0,0,0,0,0,3,4,"North",NA
87341,2,3,0,1,2,0,0,0,3,9,"South",50676
87384,1,1,1,0,3,1,1,1,1,3,"East",173378
87439,1,1,1,1,2,1,1,1,9,9,"South",10895
87468,0,1,0,0,2,0,1,0,3,5,"East",26091
87577,0,1,0,0,2,0,1,0,3,2,"West",56465
87637,1,0,1,0,4,1,0,1,2,2,"West",65756
87695,0,1,0,0,3,0,1,0,8,3,"North",NA
87788,1,0,1,0,1,1,0,1,3,8,"East",67050
87823,1,2,0,1,2,0,0,0,3,3,"West",79383
87924,1,1,1,0,4,1,1,1,1,5,"North",88391
87975,0,1,0,0,1,0,1,0,5,5,"East",49746
88014,1,0,1,0,3,1,0,1,7,4,"South",16510
88016,0,1,0,0,3,0,1,0,4,3,"North",48269
88019,1,0,0,0,3,1,0,0,8,7,"East",81786
88123,1,0,1,1,2,1,0,1,2,4,"West",40799
88169,1,0,0,1,3,0,0,0,1,6,"East",41065
88188,2,1,0,0,0,0,0,0,0,9,"West",10257
88471,1,1,1,1,4,0,1,0,1,4,"West",24589
88515,1,1,1,0,2,1,1,1,3,7,"East",50304
88526,1,1,1,0,3,1,1,1,2,5,"North",44088
88629,1,1,1,0,1,1,1,1,1,6,"West",47556
88632,1,1,1,1,2,0,1,0,2,4,"North",26052
88804,1,0,1,0,3,1,0,1,5,3,"West",55001
88840,1,0,1,1,2,1,0,1,0,5,"East",118594
89063,1,1,1,1,1,1,1,1,3,9,"East",23399
89175,1,0,1,0,4,1,0,1,8,6,"West",NA
89210,1,0,1,0,4,1,0,1,2,6,"North",81121
89226,0,1,0,0,4,0,0,0,6,8,"North",185988
89232,0,1,0,0,4,1,0,0,8,9,"West",1964
89235,1,0,1,1,4,1,0,1,5,7,"West",11835
89401,1,0,0,0,1,0,0,0,2,3,"East",31137
89624,2,0,0,1,4,0,0,0,2,6,"South",33101
89728,1,1,1,0,3,1,1,1,7,6,"South",52987
89777,1,1,1,0,1,1,1,1,5,8,"South",11637
89785,0,1,0,0,1,1,1,0,7,5,"West",11736
89880,1,1,1,1,2,1,1,1,8,6,"West",58682
89894,1,1,1,1,4,0,1,0,7,2,"East",25065
90027,1,1,1,1,1,0,1,0,7,5,"North",4798
90038,1,1,1,0,3,1,1,1,4,5,"East",161624
90085,1,1,1,1,1,1,1,1,6,8,"West",25714
90317,0,0,1,0,0,1,0,0,1,8,"West",12384
90499,1,1,1,1,2,1,1,1,3,8,"West",47043
90595,1,0,1,0,5,1,0,1,3,4,"South",11541
90633,1,1,1,0,3,1,1,1,2,5,"East",26034
90821,0,1,0,0,5,0,1,0,8,6,"North",33470
90856,0,1,0,0,4,0,1,0,5,3,"East",24773
91093,0,1,0,1,2,1,1,0,1,4,"East",149756
91104,1,0,1,1,3,1,0,1,8,7,"East",102546
91254,0,1,0,0,0,0,1,0,2,5,"East",28918
91333,1,1,1,1,4,1,1,1,5,4,"West",43800
91464,1,0,1,0,5,1,0,1,2,4,"East",94463
91475,0,1,0,1,5,0,1,0,1,2,"North",36098
91486,1,1,1,0,2,1,1,1,2,5,"South",23701
91532,1,0,1,1,3,1,0,1,3,6,"South",56510
91543,0,1,0,0,4,0,1,0,1,5,"North",1730
91611,1,0,2,1,2,0,0,0,6,8,"East",5131
91668,0,1,0,0,3,0,1,0,2,4,"North",9315
92170,1,0,1,0,3,1,0,1,6,8,"South",100461
92254,2,2,2,1,5,0,0,0,6,2,"East",5334
92328,1,0,1,1,3,0,0,0,2,6,"East",6202
92355,0,1,0,1,3,1,0,0,10,8,"North",23359
92363,1,1,1,0,3,1,1,1,3,3,"West",115934
92388,1,1,1,0,0,1,1,1,2,4,"East",44910
92546,0,1,0,0,1,0,1,0,6,2,"East",154620
92560,1,0,0,0,4,0,0,0,3,5,"South",41498
92611,1,0,0,0,2,0,0,0,5,3,"North",204318
92663,0,1,0,0,2,0,1,0,7,6,"South",65948
92725,1,0,1,0,5,1,0,1,4,3,"South",97699
92922,1,0,1,0,0,1,0,1,6,2,"North",72276
93012,1,1,1,0,0,1,1,1,3,6,"North",13788
93020,1,1,1,1,2,0,1,0,4,7,"West",57864
93034,0,1,0,0,2,0,1,0,7,7,"East",NA
93091,1,1,1,1,0,0,1,0,2,7,"North",50911
93094,0,1,0,0,2,0,1,0,6,6,"East",197060
93219,1,1,1,1,4,1,1,1,6,7,"South",97991
93257,1,1,1,1,0,1,1,1,8,4,"East",27832
93301,1,0,3,1,4,0,0,0,4,4,"West",47802
93303,0,1,0,0,4,0,1,0,5,8,"East",128834
93369,1,1,1,0,3,1,1,1,8,8,"South",63652
93380,1,0,1,1,4,1,0,1,4,5,"North",52219
93612,1,0,1,0,0,1,0,1,3,3,"South",11317
93715,0,1,0,0,3,0,1,0,5,2,"North",16805
93840,1,2,1,1,2,1,0,1,10,9,"North",67841
93889,0,1,0,0,3,0,1,0,5,4,"South",79322
93911,1,0,1,1,2,1,0,1,8,3,"East",33847
93961,1,0,1,0,1,1,0,1,1,5,"North",86529
93982,1,1,1,0,2,1,1,1,5,8,"East",53243
94072,1,0,0,0,2,0,0,0,5,5,"East",142510
94085,1,0,1,0,4,1,0,1,4,2,"South",2240
94148,1,1,1,0,0,1,1,1,3,5,"South",NA
94696,1,0,1,1,3,1,0,1,5,5,"South",37241
94712,1,1,1,1,2,0,1,0,1,4,"South",41955
94824,0,1,0,0,2,0,1,0,6,8,"East",NA
94963,0,1,0,0,4,0,1,0,0,8,"West",39455
94999,0,1,0,0,3,0,1,0,6,8,"South",40090
95032,1,1,1,0,3,1,1,1,6,4,"West",47445
95061,1,0,1,0,4,1,0,1,1,6,"West",NA
95214,1,0,1,0,3,1,0,1,7,7,"West",70115
95227,1,0,1,0,4,1,0,1,1,5,"South",133841
95370,0,1,0,0,2,0,1,0,1,3,"East",36031
95494,1,1,1,0,3,1,1,1,7,7,"South",11351
95541,1,1,1,0,4,1,1,1,4,3,"East",68623
95718,1,1,0,1,1,0,1,0,5,3,"East",45294
96015,1,1,1,0,0,1,1,1,0,8,"West",143980
96026,0,1,0,1,1,1,1,0,6,2,"North",81857
96061,0,1,0,0,2,0,1,0,4,2,"South",46231
96062,1,0,1,1,3,0,0,0,1,3,"North",55610
96249,1,0,1,1,5,1,0,1,1,5,"East",21771
96260,0,1,0,0,2,0,1,0,7,2,"East",63049
96279,1,0,1,0,4,1,0,1,7,5,"North",58274
96361,1,0,1,0,4,1,0,1,7,7,"South",36182
96593,1,1,1,0,3,1,1,1,5,2,"South",8509
96606,1,0,0,0,1,0,0,0,5,5,"North",38140
96721,1,1,1,0,2,1,1,1,7,4,"North",55314
96735,1,1,1,0,1,1,1,1,4,9,"West",45688
96963,1,0,1,0,5,1,0,1,2,9,"East",50388
97007,1,1,0,0,4,0,1,0,4,7,"South",25659
97070,1,1,1,1,3,1,1,1,9,5,"West",92662
97081,0,1,0,0,4,0,1,0,1,7,"East",19371
97116,1,0,1,0,3,1,0,1,5,6,"East",39877
97241,1,1,1,0,4,1,1,1,1,6,"East",50692
97266,1,0,1,0,1,1,0,1,0,2,"South",167021
97277,0,1,0,0,3,0,0,0,6,7,"South",25155
97285,0,1,0,1,4,0,0,0,6,3,"East",32526
97288,0,1,0,0,3,0,1,0,0,3,"West",6830
97329,0,1,0,0,2,0,1,0,1,7,"East",46727
97353,2,1,0,1,0,0,1,0,2,5,"North",275896
97424,1,2,0,1,2,0,0,0,1,8,"West",58638
97451,1,0,1,1,4,1,0,1,1,2,"West",72343
97475,2,1,2,1,4,0,1,0,3,3,"West",106898
97626,0,1,0,1,2,1,0,0,7,3,"East",33554
97691,0,1,0,0,0,0,1,0,2,2,"West",50191
97699,1,1,2,1,3,0,1,0,0,3,"South",15358
98130,1,1,1,1,4,1,1,1,7,2,"East",53261
98166,0,1,0,1,1,1,1,0,3,6,"South",37008
98214,2,0,2,1,0,0,0,0,4,7,"South",119539
98223,1,1,1,0,3,1,1,1,4,3,"North",NA
98337,1,1,1,1,2,1,1,1,9,8,"East",151509
98362,1,1,1,1,2,1,1,1,10,4,"West",64291
98476,1,0,1,1,2,0,0,0,9,7,"South",10864
98523,1,1,1,0,4,1,1,1,2,4,"East",70709
98593,1,2,1,1,0,1,0,0,9,6,"East",22280
98729,2,0,5,1,4,0,0,0,10,7,"West",45026
98904,1,0,1,0,1,1,0,1,6,5,"East",108451
99007,1,0,1,0,1,1,0,1,4,2,"South",102945
99032,0,0,2,1,4,1,0,0,6,3,"West",41577
99057,1,1,0,1,5,0,1,0,0,3,"West",NA
99078,1,0,1,0,3,1,0,1,5,3,"East",78052
99086,0,1,0,0,5,0,1,0,6,7,"West",12327
99233,0,2,2,1,1,0,0,0,4,5,"West",81968
99258,1,0,1,1,0,1,0,1,9,6,"East",44600
99261,1,1,1,0,5,1,1,1,6,3,"East",NA
99367,0,1,0,1,1,0,0,0,0,3,"East",56700
99370,0,1,0,1,2,1,0,0,2,3,"North",144464
99596,1,1,1,1,4,1,1,1,7,8,"East",41065
99702,1,0,1,1,2,1,0,1,2,7,"West",77856
99727,1,0,1,1,0,1,0,1,5,4,"West",40733
99763,0,1,0,0,1,0,1,0,3,2,"East",104509
99765,1,1,1,1,5,1,1,1,5,8,"South",41777
99912,1,1,1,0,1,1,1,1,8,2,"West",90240
99921,0,1,0,1,4,1,1,0,2,7,"North",NA
99923,1,1,1,0,2,1,1,1,8,7,"East",26770
99972,0,1,0,0,1,0,1,0,2,3,"South",90946
99994,1,2,1,1,1,1,0,1,4,2,"East",77283
99997,1,0,1,1,5,1,0,1,2,8,"North",98617
